SA,CV,Ele,DFAF,DFHS,DFR,DFW,GA,LI,LU,NDVI,PGA,AAP,RDLS,SE,SPKD,Slope,SM,ST,Y
0.245234,0.643949,0.30744,0.784598,0.570792,0.719025,0.223405,0.769231,0.575758,0.375,0.704724,0.333333,0.102996,0.0135881,0.0952381,0,0.290807,0.272288,1,1
0.236817,0.64456,0.291594,0.786343,0.573557,0.722614,0.216457,0.797034,0.575758,0.375,0.795276,0.666667,0.111198,0.0072187,0.0952381,0,0.165127,0.272288,1,1
0.844943,0.644866,0.433043,0.72547,0.5744,0.728561,0.145772,0.658017,0.575758,0.125,0.744094,0.666667,0.0387401,0.0089172,0,0,0.156944,0.233748,1,0
0.0695833,0.644866,0.406377,0.698171,0.538044,0.6853,0.230836,0.68582,0.575758,0.125,0.826772,0.333333,0.0570447,0.0161359,0,0,0.290654,0.193397,0.112805,0
0.610174,0.64456,0.354203,0.682588,0.553323,0.705291,0.153894,0.741427,0.575758,0.375,0.476378,0.666667,0.0874537,0.0186837,0.0952381,0,0.315446,0.218425,1,1
0.545134,0.644254,0.315749,0.675726,0.550579,0.702333,0.154414,0.769231,0.575758,0.375,0.665354,0.666667,0.0855026,0.0157113,0.0952381,0,0.304878,0.218425,0.112805,1
0.466779,0.645171,0.631304,0.459957,0.131746,0.20324,0.0161597,0.454124,0.292929,0.375,0.720472,0.333333,0.120261,0.0046709,0.952381,0,0.0991441,0.642351,0.112805,0
0.771095,0.643643,0.208696,0.55525,0.0726493,0.0100945,0.0261739,0.806302,0.575758,0.125,0.519685,0.333333,0.369051,0.0229299,0.0952381,0,0.446285,0.569883,0.152439,1
0.860263,0.644866,0.434783,0.318711,0.0840197,0.137766,0.251066,0.630213,0.0808081,0.125,0.846457,0.333333,0.0637359,0.0237792,0,0,0.386039,0.584541,0.112805,0
0.701438,0.645477,0.213527,0.370738,0.0665907,0.0129584,0.0244217,0.806302,0.575758,0.375,0.464567,0.333333,0.375411,0.0161359,0.047619,0,0.303239,0.556262,0.152439,1
0.611781,0.64945,0.485024,0.355698,0.0621469,0.0574791,0.104526,0.583874,0.212121,0.125,0.846457,0.333333,0.0767917,0.0305732,0,0,0.456639,0.607154,0.152439,0
0.871125,0.647005,0.622995,0.182069,0.124861,0.201714,0.364561,0.454124,0.222222,0.375,0.417323,0.333333,0.100176,0.0080679,0.952381,0,0.135979,0.702576,0.112805,0
0.526353,0.647616,0.20715,0.275801,0.0057222,0.0053059,0.010236,0.806302,0.575758,0.375,0.645669,0.333333,0.412019,0.003397,0.0952381,0,0.0520061,0.56219,0.152439,1
0.603647,0.642115,0.357488,0.281416,0.020915,0.0828181,0.150248,0.676552,0.575758,0.375,0.523622,0.333333,0.12435,0.0140127,0,0,0.25672,0.621812,0.112805,0
0.649599,0.645171,0.603671,0.170833,0.269033,0.473888,0.393218,0.491196,0.545455,0.375,0.692913,0.333333,0.1262,0.0157113,0.047619,0.0524976,0.269998,0.447174,1,0
0.532306,0.645782,0.556522,0.230511,0.74996,0.40247,0.110311,0.509731,0.494949,0.125,0.732283,0.333333,0.117085,0.014862,0,0,0.299844,0.659671,0.112805,0
0.697039,0.646088,0.605797,0.137848,0.262765,0.441689,0.444078,0.47266,0.545455,0.375,0.448819,0.333333,0.113956,0.0250531,0.952381,0.048415,0.424371,0.532411,1,0
0.424198,0.64456,0.554976,0.0053118,0.256056,0.326763,0.588758,0.546803,0.353535,0.375,0.559055,0.333333,0.104523,0.0195329,0.952381,0.0136652,0.332465,0.653665,1,0
0.28105,0.643337,0.443092,0.103904,0.100439,0.573708,0.100613,0.620945,0.262626,0.125,0.826772,0.666667,0.0345758,0.0191083,0,0.0554921,0.372043,0.444295,0.112805,0
0.447954,0.644254,0.373333,0.216965,0.77449,0.329762,0.17558,0.667285,0.494949,0.125,0.838583,0.333333,0.103041,0.0220807,0,0.0007795,0.388312,0.636748,0.112805,0
0.721592,0.64731,0.422029,0.308491,0.859742,0.20153,0.403118,0.630213,0.575758,0.125,0.610236,0,0.0949214,0.0152866,0.0952381,0.0088679,0.301567,0.54597,0.112805,0
0.778783,0.646088,0.169469,0.0446152,0.170744,0.0052112,0.0118082,0.834106,0.626263,0.375,0.622047,0.333333,0.507668,0.011465,0.0952381,0,0.236643,0.538045,0.152439,1
0.020666,0.643949,0.608696,0.0551391,0.235049,0.246253,0.444354,0.47266,0.353535,0.375,0.748031,0.333333,0.131031,0.0127389,0.952381,0.00035,0.271981,0.639487,1,0
0.372144,0.64456,0.25971,0.0639244,0.0375963,0.479164,0.105072,0.787766,0.262626,0.375,0.523622,0.666667,0.167707,0.0216561,0.0952381,0.0306537,0.352039,0.581878,0.112805,0
0.645132,0.646394,0.301643,0.299852,0.872869,0.158748,0.412032,0.741427,0.494949,0.375,0.665354,0,0.128019,0.0318471,0.0952381,0.0327877,0.472997,0.534733,0.112805,1
0.357158,0.643032,0.638068,0.108701,0.277866,0.103332,0.183898,0.417053,0.222222,0.375,0.393701,0.333333,0.161392,0.047983,0.952381,0,0.603626,0.617973,1,0
0.52354,0.645782,0.532174,0.168726,0.0511537,0.35426,0.325207,0.546803,0.717172,0.125,0.716535,0.666667,0.0862454,0.0123142,0,0.0186402,0.242521,0.593704,1,0
0.945668,0.646394,0.582802,0.170519,0.940519,0.0569107,0.21413,0.47266,0.575758,0.375,0.555118,0,0.130499,0.0157113,0.047619,0.0166111,0.292255,0.551696,0.112805,0
0.014697,0.646394,0.402899,0.0023463,0.0933229,0.436962,0.103993,0.667285,0.262626,0.125,0.767717,0.666667,0.0567839,0.0106157,0,0.0075564,0.241013,0.484785,0.14939,0
0.546903,0.643949,0.448116,0.0970618,0.12297,0.147351,0.267503,0.611677,0.575758,0.125,0.866142,0.333333,0.0997484,0.0212314,0,0.004559,0.381384,0.699077,0.112805,0
0.342384,0.644866,0.36599,0.0087988,0.12656,0.196418,0.374289,0.676552,0.353535,0.125,0.84252,0.333333,0.131477,0.0246284,0,0.0041317,0.402343,0.642598,0.112805,1
0.417748,0.644254,0.300676,0.0194372,0.101318,0.170119,0.335105,0.732159,0.353535,0.375,1,0.333333,0.237127,0.0191083,0.0952381,0.0084589,0.329254,0.573149,0.112805,1
0.861504,0.64456,0.418357,0.285277,0.842831,0.174699,0.412169,0.639481,0.494949,0.125,0.811024,0.333333,0.0880076,0.0169851,0,0.0686899,0.284282,0.525786,0.112805,0
0.246003,0.644254,0.538357,0.133573,0.567217,0.526055,0.640265,0.546803,0.272727,0.125,0.799213,0.333333,0.0997841,0.0267516,0,0.0686137,0.501339,0.572623,0.112805,0
0.720503,0.643949,0.622415,0.163657,0.88942,0.0634084,0.213434,0.417053,0.575758,0.75,0.240157,0,0.163189,0.0157113,0.047619,0.0271642,0.31501,0.526668,0.112805,0
0.251245,0.643949,0.321739,0.0598346,0.0723614,0.128596,0.260568,0.713624,0.818182,0.375,0.732283,0.333333,0.180039,0.0208068,0.0952381,0.0137799,0.416716,0.55312,0.112805,1
0.804543,0.642726,0.422222,0.137261,0.763444,0.294435,0.598644,0.630213,0.131313,0.125,0.795276,0.333333,0.102952,0.0199575,0,0.120025,0.370413,0.550613,0.14939,0
0.0983826,0.643337,0.296618,0.0621781,0.0548584,0.113586,0.244724,0.722892,0.353535,0.375,0.732283,0.666667,0.204344,0.0169851,0.0952381,0.0174874,0.293862,0.55312,0.112805,1
0.0881322,0.645171,0.536039,0.0316811,0.963112,0.0808082,0.0847752,0.528267,0.616162,0.125,0.893701,0,0.165274,0.0186837,0,0,0.316299,0.6632,1,0
0.0324533,0.646088,0.256618,0.0638759,0.122063,0.0212237,0.0343033,0.769231,0.313131,0.125,0.787402,0.333333,0.281122,0.0186837,0,0.0084455,0.364456,0.611704,0.152439,1
0.380882,0.645782,0.633237,0.203081,0.148109,0.229511,0.475329,0.435589,0.565657,0.75,0.224409,0.666667,0.151957,0.0326964,0.952381,0.001259,0.483479,0.666311,0.112805,0
0.349083,0.643949,0.322512,0.0698037,0.0191808,0.0856617,0.20023,0.713624,0.575758,0.375,0.665354,0.666667,0.216236,0.0216561,0.0952381,0.0247988,0.356333,0.543214,0.112805,1
0.967461,0.643949,0.183961,0.201816,0.740089,0.237351,0.551254,0.81557,0.494949,0.375,0.251969,0.333333,0.194816,0.0059448,0.0952381,0.0942215,0.117728,0.617586,0.14939,0
0.24844,0.645171,0.139517,0.0651216,0.214911,0.405767,0.0133461,0.889713,0.262626,0,0.755906,0.666667,0.427893,0.0097665,0.0952381,0,0.2238,0.441137,0.14939,0
0.608808,0.642726,0.311884,0.289722,0.774736,0.163074,0.419691,0.722892,0.494949,0.375,0.468504,0.333333,0.122589,0.0356688,0,0.0648073,0.518919,0.539035,0.112805,1
0.492583,0.645171,0.34029,0.167181,0.725507,0.266866,0.604128,0.68582,0.131313,0.375,0.429134,0.333333,0.171868,0.0101911,0.142857,0.102622,0.231253,0.612169,0.14939,1
0.246361,0.643032,0.678068,0.222903,0.17616,0.205987,0.461724,0.389249,0.575758,0.75,0.204724,0.666667,0.175014,0.0123142,0.952381,0.001399,0.279623,0.531235,0.112805,0
0.127451,0.645171,0.612754,0.139881,0.207759,0.17471,0.311089,0.444856,0.10101,0.375,0.496063,0.333333,0.15848,0.0208068,0,0,0.340538,0.543214,1,0
0.709608,0.644866,0.278647,0.0451671,0.673139,0.371108,0.651377,0.750695,0.494949,0.125,0.822835,0.333333,0.200446,0.0101911,0,0.103861,0.213466,0.639673,0.14939,1
0.928008,0.643949,0.260676,0.231032,0.729764,0.216586,0.518186,0.769231,0.494949,0.125,0.700787,0.333333,0.146052,0.0216561,0.0952381,0.075476,0.368098,0.529222,0.112805,0
0.261741,0.641809,0.520966,0.148063,0.826689,0.060181,0.227956,0.518999,0.575758,0.375,0.779528,0,0.143321,0.0161359,0,0.0162109,0.327486,0.508126,1,0
0.371063,0.645477,0.659903,0.127517,0.152084,0.124113,0.463456,0.398517,0.565657,0.75,0.216535,0.666667,0.134237,0.0288747,0.952381,0.0141777,0.444161,0.688413,0.112805,0
0.0776644,0.643949,0.271304,0.245814,0.729527,0.206535,0.501095,0.750695,0.494949,0.375,0.488189,0.333333,0.136257,0.0076433,0,0.0679841,0.146514,0.52735,0.112805,1
0.127451,0.646088,0.274976,0.271843,0.735827,0.18771,0.46796,0.750695,0.494949,0.375,0.65748,0.333333,0.144019,0.0161359,0.0952381,0.058588,0.273796,0.541914,0.112805,1
0.104765,0.643643,0.28,0.287427,0.734464,0.180366,0.454923,0.741427,0.494949,0.375,0.665354,0.333333,0.146457,0.0284501,0,0.0511022,0.449521,0.540521,0.112805,1
0.745894,0.643949,0.576812,0.180124,0.883891,0.253929,0.0742539,0.491196,0.616162,0.125,0.708661,0,0.185608,0.0140127,0,0,0.318735,0.586708,1,0
0.6643,0.643949,0.239227,0.065111,0.62702,0.366216,0.596029,0.778499,0.494949,0.375,0.700787,0.333333,0.19041,0.0110403,0.0952381,0.0692542,0.187894,0.640772,0.112805,1
0.762173,0.646088,0.304348,0.0809488,0.624294,0.356736,0.605238,0.732159,0.494949,0.375,0.669291,0.333333,0.157419,0.0157113,0,0.0634055,0.344111,0.593905,0.112805,1
0.800127,0.643949,0.637488,0.149086,0.18877,0.0970464,0.451851,0.426321,0.565657,0.5,0.330709,0.666667,0.150827,0.0076433,0.952381,0.0133035,0.148187,0.587512,0.112805,0
0.880653,0.643949,0.221256,0.041061,0.57067,0.461362,0.434953,0.741427,0.020202,0.125,0.665354,0.333333,0.168994,0.0203822,0,0.0352975,0.32613,0.615419,0.112805,1
0.379064,0.645477,0.199034,0.102444,0.542514,0.516006,0.348545,0.787766,0.0707071,0.375,0.519685,0.333333,0.207925,0.0284501,0.0952381,0.0166503,0.450844,0.599678,0.112805,1
0.773032,0.643032,0.196329,0.097375,0.537928,0.51428,0.344152,0.778499,0.0707071,0.125,0.625984,0.333333,0.19193,0.0305732,0.0952381,0.0148469,0.534864,0.630588,0.112805,1
0.630013,0.643949,0.365217,0.0258098,0.135371,0.006174,0.255811,0.667285,0.545455,0.375,0.822835,0.666667,0.0974213,0.0259023,0.142857,0.0311217,0.410422,0.684296,0.152439,1
0.613243,0.641809,0.363672,0.0234634,0.133348,0.0082622,0.253924,0.667285,0.545455,0.375,0.610236,0.666667,0.0924319,0.0110403,0.142857,0.0314041,0.18336,0.684296,0.152439,1
0.235141,0.646088,0.369469,0.0222903,0.136119,0.0053059,0.248543,0.658017,0.353535,0.375,0.822835,0.666667,0.0992054,0.014862,0.142857,0.0314467,0.305162,0.684296,0.152439,1
0.0845199,0.645477,0.379517,0.0282111,0.1458,0.003196,0.247672,0.658017,0.353535,0.125,0.901575,0.666667,0.101839,0.0216561,0.142857,0.0305684,0.359765,0.662859,0.152439,1
0.804491,0.643337,0.341256,0.0410778,0.15063,0.0022322,0.266237,0.68582,0.545455,0.375,0.425197,0.666667,0.110241,0.0055202,0,0.0290886,0.105327,0.662859,0.152439,1
0.121519,0.645477,0.364831,0.0293293,0.145165,0.0014118,0.250399,0.667285,0.353535,0.125,0.84252,0.666667,0.104476,0.0225053,0.142857,0.0304888,0.366011,0.662859,0.152439,1
0.724989,0.640892,0.3457,0.0422342,0.150422,0.0009983,0.268575,0.676552,0.545455,0.375,0.704724,0.666667,0.10976,0.0178344,0,0.0289797,0.359248,0.662859,0.152439,1
0.630044,0.643643,0.328116,0.043145,0.14992,0.0055806,0.260071,0.695088,0.545455,0.375,0.562992,0.666667,0.122552,0.0089172,0,0.0284023,0.154192,0.68459,0.152439,1
0.860219,0.645782,0.351691,0.130283,0.586932,0.353016,0.616159,0.695088,0.494949,0.375,0.602362,0.333333,0.115054,0.0131635,0,0.0219327,0.22875,0.587714,1,1
0.217255,0.646088,0.406763,0.0235805,0.106646,0.0029948,0.153293,0.630213,0.181818,0.125,0.862205,0.666667,0.0829448,0.026327,0.0952381,0.0328343,0.469076,0.666156,0.152439,1
0.685151,0.645782,0.419517,0.144852,0.589303,0.34559,0.636072,0.639481,0.131313,0.125,0.795276,0.333333,0.110966,0.0161359,0,0.0195953,0.29467,0.470778,1,1
0.189317,0.642726,0.388213,0.0218301,0.110483,0.0011161,0.157108,0.639481,0.181818,0.125,0.830709,0.666667,0.0777079,0.0242038,0.0952381,0.0331332,0.402974,0.666156,0.152439,1
0.103709,0.644866,0.395362,0.0200815,0.10502,0.0017997,0.157661,0.630213,0.181818,0.125,0.818898,0.666667,0.0982196,0.0157113,0.0952381,0.0322043,0.266819,0.660537,0.152439,1
0.961039,0.64456,0.330821,0.0417507,0.133786,0.0089845,0.248966,0.695088,0.717172,0.125,0.787402,0.666667,0.120938,0.0174098,0,0.0263037,0.333381,0.659407,0.152439,1
0.157938,0.643032,0.399034,0.0217354,0.105155,0.0022322,0.155465,0.630213,0.181818,0.125,0.858268,0.666667,0.0889101,0.0152866,0.0952381,0.0324142,0.265284,0.660537,0.152439,1
0.0957287,0.647005,0.473237,0.0330212,0.528501,0.435628,0.464433,0.574606,0.494949,0.125,0.858268,0.333333,0.111748,0.0169851,0,0.0067463,0.288341,0.576802,0.112805,0
0.131114,0.645477,0.554396,0.19696,0.759879,0.264049,0.0320438,0.518999,0.616162,0.125,0.795276,0,0.202536,0.0271762,0,0,0.425153,0.539407,0.112805,0
0.671778,0.644866,0.239614,0.0355696,0.3516,0.211824,0.114273,0.787766,0.262626,0.125,0.84252,0.666667,0.284513,0.0186837,0.0952381,0,0.322324,0.576647,0.112805,1
0.488378,0.644254,0.532174,0.202699,0.286799,0.120056,0.341991,0.509731,0.131313,0.125,0.846457,0.666667,0.128629,0.0356688,0,0,0.598138,0.646762,1,0
0.958374,0.646088,0.584928,0.299081,0.639157,0.287266,0.502906,0.47266,0.575758,0.375,0.468504,0.333333,0.165654,0.0084926,0,0.002331,0.172628,0.55391,0.112805,0
0.0316895,0.641809,0.138744,0.0143803,0.378584,0.205433,0.0528764,0.871177,0.262626,0.375,0.232283,0.666667,0.348252,0.0106157,0.0952381,0,0.202566,0.520168,0.14939,1
0.261108,0.643949,0.524251,0.288338,0.619939,0.313754,0.522237,0.546803,0.575758,0.125,0.799213,0.333333,0.140876,0.011465,0,0.0004977,0.141552,0.542441,0.112805,0
0.453482,0.645171,0.258164,0.002115,0.0880897,0.0365601,0.171763,0.741427,0.353535,0.375,0.870079,0.666667,0.279045,0.0174098,0.0952381,0.0204875,0.324779,0.659082,0.152439,1
0.693072,0.646088,0.289662,0.0087988,0.0813591,0.0420375,0.15721,0.722892,0.353535,0.375,0.46063,0.666667,0.331485,0.018259,0.0952381,0.021525,0.332847,0.610095,0.152439,1
0.914022,0.643337,0.289469,0.0123323,0.0934529,0.0352804,0.183398,0.722892,0.353535,0.125,0.645669,0.666667,0.229058,0.0195329,0,0.0191376,0.334186,0.670103,0.152439,1
0.783197,0.642115,0.217198,0.018222,0.0746142,0.0423534,0.142882,0.778499,0.353535,0.375,0.318898,0.666667,0.336296,0.0157113,0.0952381,0.0220294,0.309157,0.598393,0.152439,1
0.285071,0.645477,0.383575,0.330104,0.629537,0.326156,0.470795,0.667285,0.575758,0.125,0.874016,0.333333,0.141243,0.0195329,0,0,0.373524,0.557392,0.112805,0
0.992381,0.643337,0.494106,0.0989384,0.162204,0.0246405,0.317838,0.546803,0.717172,0.125,0.905512,0.666667,0.0939793,0.0178344,0,0.0054606,0.386464,0.712265,0.112805,0
0.937772,0.643643,0.439227,0.0313535,0.0309281,0.10879,0.114829,0.593142,0.626263,0.125,0.877953,0.333333,0.139088,0.0220807,0,0.0174037,0.38077,0.626966,0.152439,0
0.751443,0.647005,0.243092,0.0148048,0.0679362,0.0829128,0.11815,0.750695,0.353535,0.375,0.555118,0.666667,0.369238,0.0288747,0,0.0140765,0.54773,0.624412,0.152439,1
0.193843,0.646088,0.229372,0.0477446,0.411391,0.137994,0.0894971,0.81557,0.262626,0,0.811024,0.666667,0.265763,0.0186837,0.0952381,0,0.34194,0.642273,0.112805,1
0.0844388,0.643643,0.570242,0.0926174,0.190241,0.0120726,0.342979,0.463392,0.565657,0.375,0.791339,0.666667,0.13566,0.0152866,0.952381,0.0003855,0.269719,0.71064,0.112805,0
0.304327,0.649755,0.457198,0.381833,0.637215,0.369181,0.444329,0.611677,0.575758,0.125,0.854331,0.333333,0.133732,0.0127389,0,0,0.232848,0.541481,0.112805,0
0.856619,0.643949,0.523865,0.36978,0.629901,0.376369,0.334846,0.537535,0.575758,0.125,1,0,0.179155,0.0292994,0,0,0.455351,0.547703,0.112805,0
0.288135,0.644866,0.425121,0.0656269,0.44248,0.473693,0.550003,0.630213,0.494949,0.125,0.862205,0.333333,0.128636,0.0186837,0,0.0020563,0.356885,0.43702,0.112805,0
0.807235,0.643032,0.497971,0.0847144,0.44563,0.472521,0.585744,0.55607,0.494949,0.125,0.661417,0.333333,0.125819,0.0305732,0,0.0031314,0.492877,0.43781,0.112805,0
0.41124,0.645477,0.500676,0.580283,0.701999,0.609544,0.112374,0.536608,0.575758,0.125,0.720472,0,0.206809,0.0246284,0.047619,0,0.402343,0.398604,0.112805,0
0.303209,0.645171,0.296425,0.222922,0.517688,0.457138,0.692308,0.732159,0.575758,0.125,0.858268,0.333333,0.173331,0.0233546,0,0.0026341,0.402133,0.566772,0.112805,0
0.63541,0.645171,0.588986,0.44336,0.59689,0.470187,0.31077,0.47266,0.575758,0.375,0.799213,0,0.200145,0.0220807,0,0,0.355211,0.602572,1,0
0.113315,0.645477,0.508213,0.0973803,0.380487,0.0184141,0.250616,0.565338,0.262626,0.125,0.69685,0.666667,0.112807,0.0118896,0,0,0.208031,0.68719,0.112805,0
0.664743,0.643337,0.276329,0.0356324,0.0892607,0.207869,0.0490081,0.732159,0.626263,0.125,0.846457,0.333333,0.382469,0.0246284,0,0.0001401,0.401605,0.522072,0.152439,0
0.542285,0.643337,0.345894,0.115353,0.429201,0.437222,0.684552,0.667285,0.131313,0.125,0.791339,0.333333,0.170405,0.036518,0,0.0161429,0.564405,0.546697,0.112805,0
0.118201,0.643949,0.342029,0.173138,0.271823,0.312313,0.366286,0.695088,0.0707071,0.125,0.846457,0.666667,0.145975,0.0505308,0,0.344659,0.621732,0.600854,0.112805,0
0.579139,0.643032,0.477488,0.32615,0.546998,0.491906,0.63349,0.583874,0.575758,0.375,0.519685,0.333333,0.142459,0.0199575,0.047619,0.0093224,0.344341,0.543694,0.112805,0
0.215025,0.646699,0.515942,0.247988,0.22775,0.20698,0.334673,0.565338,0.020202,0.125,0.716535,0.666667,0.138089,0.0203822,0.047619,0.295429,0.365396,0.602959,0.112805,0
0.486474,0.645782,0.235942,0.0780159,0.33928,0.0776992,0.0727129,0.81557,0.0909091,0.375,0.425197,0.666667,0.26385,0.0161359,0.0952381,0.0041558,0.338548,0.596459,0.14939,1
0.512189,0.648227,0.62087,0.531957,0.5446,0.546149,0.174888,0.454124,0.575758,0.375,0.228346,0,0.226109,0.0186837,0,0,0.388641,0.487865,1,0
0.39872,0.642421,0.50686,0.467254,0.516392,0.506022,0.417211,0.565338,0.575758,0.375,0.594488,0.333333,0.157,0.0229299,0,0.008145,0.37136,0.491874,1,0
0.402333,0.646394,0.262802,0.107345,0.306484,0.0558167,0.0811367,0.787766,0.0909091,0.375,0.464567,0.666667,0.267184,0.0076433,0.0952381,0.0145721,0.141357,0.626532,0.14939,0
0.472941,0.642726,0.541449,0.546036,0.505727,0.543802,0.224393,0.518999,0.575758,0.375,0.562992,0,0.194365,0.0084926,0,0.0030995,0.177232,0.504349,1,0
0.354548,0.645477,0.556522,0.596133,0.533858,0.606745,0.118082,0.509731,0.575758,0.125,0.866142,0,0.202186,0.0174098,0,0,0.304523,0.690565,1,0
0.494389,0.644866,0.284444,0.0897476,0.305398,0.0314141,0.125667,0.769231,0.0909091,0.375,0.645669,0.666667,0.265899,0.0080679,0.0952381,0.0157662,0.177195,0.600313,0.112805,1
0.348047,0.645782,0.200386,0.002115,0.0095904,0.298098,0.0267827,0.787766,0.626263,0.375,0.606299,0.333333,0.616776,0.0271762,0.047619,0,0.43268,0.526204,0.152439,1
0.507839,0.645477,0.211981,0.0228768,0.020915,0.301882,0.0643637,0.787766,0.626263,0.125,0.80315,0.333333,0.473969,0.0220807,0,0,0.452022,0.526204,0.152439,1
0.190024,0.643643,0.257005,0.0134915,0.310996,0.305777,0.595799,0.759963,0.0707071,0.125,0.787402,0.333333,0.231192,0.0242038,0,0.265728,0.406278,0.619397,0.112805,1
0.970135,0.643643,0.236715,0.689102,0.581001,0.696501,0.240031,0.775718,0.575758,0.125,0.787402,0,0.229684,0.018259,0,0,0.360623,0.676,1,1
0.576688,0.64456,0.178164,0.0115544,0.0092784,0.304788,0.0398467,0.806302,0.626263,0.375,0.692913,0.333333,0.544964,0.0191083,0.0952381,0,0.330557,0.526204,0.152439,1
0.600309,0.645782,0.196135,0.0031589,0.0057222,0.30306,0.0281043,0.797034,0.626263,0.375,0.964567,0.333333,0.609103,0.0152866,0.047619,0,0.26732,0.526204,0.152439,1
0.947978,0.645782,0.246184,0.704935,0.586223,0.710734,0.25693,0.778499,0.575758,0.375,0.73622,0,0.225803,0.0118896,0,0,0.2253,0.640447,1,1
0.274657,0.646088,0.406184,0.0276692,0.366455,0.0265343,0.0738785,0.658017,0.565657,0.125,0.862205,0.666667,0.140974,0.0203822,0,0.0010523,0.387276,0.688769,0.112805,0
0.667682,0.644254,0.54029,0.163088,0.212026,0.224207,0.460973,0.518999,0.020202,0.375,0.271654,0.666667,0.160368,0.014862,0.047619,0.708629,0.265768,0.573675,0.112805,0
0.58016,0.643949,0.424541,0.215785,0.161711,0.391341,0.357309,0.593142,0.686869,0.125,0.783465,0.333333,0.183031,0.0118896,0,0,0.219216,0.697917,1,0
0.101234,0.64456,0.247536,0.0046927,0.305552,0.291597,0.639318,0.787766,0.0707071,0.125,0.759842,0.333333,0.226095,0.0250531,0,0.303234,0.404436,0.586723,0.112805,1
0.0501568,0.642115,0.27942,0.0276256,0.329468,0.0036338,0.155509,0.778499,0.565657,0.375,0.704724,0.666667,0.249303,0.0072187,0,0.0090378,0.14496,0.615512,0.112805,1
0.972162,0.645171,0.284638,0.0335638,0.326105,0.0039931,0.164662,0.778499,0.262626,0.375,0.80315,0.666667,0.262746,0.006794,0,0.0100271,0.151337,0.615512,0.112805,1
0.773379,0.64456,0.327729,0.345918,0.461711,0.532517,0.576474,0.722892,0.575758,0.375,0.818898,0.333333,0.16659,0.011465,0,0.0364038,0.254396,0.520524,1,1
0.994479,0.644866,0.222222,0.11823,0.266816,0.0054905,0.119675,0.834106,0.0909091,0.125,0.653543,0.666667,0.277815,0.0097665,0.0952381,0.0369578,0.216643,0.656111,0.14939,1
0.0446744,0.645171,0.219517,0.119468,0.266338,0.0060723,0.117825,0.834106,0.0909091,0,0.649606,0.666667,0.27946,0.0101911,0.0952381,0.0372843,0.201034,0.656111,0.14939,1
0.971378,0.645477,0.21913,0.117791,0.267647,0.0064888,0.120464,0.834106,0.0909091,0.375,0.57874,0.666667,0.282218,0.0063694,0.0952381,0.0363841,0.133094,0.656111,0.14939,1
0.460643,0.64731,0.261063,0.0335176,0.32171,0.0029948,0.16369,0.797034,0.565657,0,0.834646,0.666667,0.241136,0.0157113,0,0.0116028,0.296887,0.610157,0.112805,1
0.853626,0.645171,0.446184,0.08366,0.0553341,0.275374,0.117606,0.583874,0.575758,0.125,0.909449,0.333333,0.136256,0.0233546,0,0,0.37136,0.664979,0.152439,0
0.100687,0.644254,0.173913,0.105489,0.21745,0.0039931,0.0374592,0.861909,0.0909091,0.375,0.507874,0.666667,0.338195,0.0097665,0.0952381,0.086639,0.178092,0.65204,0.14939,0
0.659562,0.644866,0.3857,0.273712,0.456527,0.468614,0.643109,0.676552,0.575758,0.125,0.807087,0.333333,0.152084,0.0191083,0,0.0597187,0.320081,0.523913,0.112805,0
0.540063,0.644866,0.157295,0.0779961,0.196926,0.0073697,0.0266621,0.889713,0.0909091,0.375,0.346457,0.666667,0.440797,0.0157113,0,0.129135,0.302666,0.608021,0.14939,1
0.198186,0.646088,0.270145,0.122804,0.229345,0.0081865,0.0678743,0.787766,0.313131,0.375,0.677165,0.666667,0.245505,0.0140127,0.0952381,0.0691319,0.268188,0.645137,0.14939,1
0.435877,0.643949,0.389372,0.254869,0.442252,0.447602,0.644799,0.658017,0.575758,0.125,0.740157,0.333333,0.157636,0.0084926,0,0.0753406,0.165005,0.526854,1,0
0.0722852,0.645477,0.326184,0.850272,0.602205,0.836639,0.467246,0.726599,0.575758,0.125,0.838583,0,0.204996,0.0276008,0,0,0.437146,0.643248,1,0
0.0720844,0.643337,0.447343,0.385469,0.406449,0.552887,0.455035,0.60241,0.575758,0.125,0.885827,0.333333,0.158561,0.0076433,0,0.0438554,0.132676,0.415599,1,0
0.120141,0.649755,0.325217,0.0486053,0.0564384,0.323061,0.105936,0.695088,0.313131,0.125,0.877953,0.333333,0.19227,0.0462845,0,0,0.590189,0.713395,0.152439,0
0.779963,0.644254,0.105894,0.0157943,0.039961,0.356714,0.0017955,0.852641,0.181818,0.125,0.314961,0.333333,0.689731,0.0335456,0.047619,0,0.560285,0.60573,0.152439,0
0.836644,0.646088,0.429565,0.332592,0.409963,0.508496,0.518467,0.620945,0.575758,0.125,0.854331,0.333333,0.157014,0.0186837,0,0.0615231,0.319196,0.460082,1,0
0.97337,0.643949,0.191691,0.0406272,0.0501,0.373247,0.0306818,0.797034,0.626263,0.375,0.732283,0.333333,0.58448,0.0097665,0.142857,0,0.216963,0.532148,0.152439,1
0.204003,0.647005,0.420483,0.0492802,0.279146,0.0724183,0.23215,0.648749,0.575758,0.125,0.88189,0.666667,0.137531,0.0267516,0,0.0316624,0.45861,0.673477,0.112805,0
0.292138,0.642421,0.423382,0.0491123,0.278886,0.0734159,0.233003,0.648749,0.575758,0.125,0.834646,0.666667,0.13722,0.0216561,0,0.0318195,0.405152,0.673477,0.112805,0
0.196765,0.645171,0.623961,0.671524,0.421972,0.684775,0.102832,0.435589,0.575758,0.375,0.767717,0,0.232004,0.0063694,0,0.0030926,0.12528,0.508915,1,0
0.964959,0.645171,0.290628,0.258797,0.398468,0.445055,0.587069,0.750695,0.575758,0.125,0.740157,0.333333,0.189831,0.0203822,0,0.0975654,0.380296,0.597078,1,1
0.961623,0.644866,0.295652,0.278545,0.396356,0.461873,0.561645,0.741427,0.575758,0.125,0.893701,0.333333,0.180659,0.0169851,0,0.0896899,0.320261,0.524409,1,1
0.373599,0.642421,0.352657,0.262315,0.0998663,0.107814,0.22909,0.722892,0.575758,0.125,0.767717,0.666667,0.170143,0.05138,0,0.998141,0.630044,0.635711,0.112805,0
0.803927,0.640281,0.298551,0.25647,0.0931414,0.0998728,0.215397,0.750695,0.575758,0.125,0.732283,0.666667,0.172806,0.0157113,0,0.996691,0.258031,0.635711,0.112805,0
0.168742,0.641504,0.424734,0.238547,0.1021,0.488746,0.319985,0.611677,0.10101,0.125,0.771653,0.333333,0.20417,0.0276008,0,0,0.420983,0.760509,0.152439,0
0.050008,0.641198,0.318261,0.0073499,0.357332,0.163444,0.200996,0.713624,0.575758,0.125,0.834646,0.666667,0.167992,0.0203822,0,0.0000329,0.3765,0.618267,0.112805,0
0.881269,0.64456,0.433237,0.253677,0.0986813,0.0831948,0.222836,0.630213,0.10101,0.125,0.84252,0.666667,0.155428,0.0169851,0,0.992591,0.295958,0.524548,0.112805,0
0.123382,0.643032,0.2657,0.140688,0.390037,0.345093,0.729433,0.759963,0.575758,0.125,0.870079,0.333333,0.191838,0.0080679,0,0.146086,0.146934,0.592821,0.112805,0
0.905958,0.644254,0.208889,0.0119641,0.12306,0.0510905,0.106879,0.852641,0.313131,0.375,0.602362,0.666667,0.319539,0.0140127,0,0.258578,0.248643,0.618793,0.14939,1
0.759289,0.647005,0.534299,0.112508,0.200637,0.131706,0.414142,0.537535,0.10101,0.125,0.551181,0.666667,0.160967,0.0229299,0,0.745931,0.432546,0.602325,0.112805,0
0.869602,0.644866,0.388213,0.0215126,0.084789,0.393841,0.0852918,0.648749,0.181818,0.125,0.84252,0.333333,0.204019,0.0233546,0,0,0.366011,0.629968,0.152439,0
0.499347,0.64731,0.390918,0.061334,0.0938585,0.37758,0.142053,0.639481,0.575758,0.125,0.850394,0.333333,0.175785,0.0169851,0,0,0.359354,0.644193,0.152439,0
0.628507,0.646699,0.248502,0.0068658,0.0606928,0.42548,0.0365444,0.769231,0.181818,0.125,0.787402,0.333333,0.496973,0.0288747,0,0,0.439347,0.630262,0.152439,0
0.809142,0.644254,0.156908,0.190555,0.0409702,0.0269951,0.0859085,0.871177,0.575758,0.125,0.854331,0.666667,0.361457,0.0076433,0.0952381,0.861508,0.148326,0.622632,0.14939,0
0.283468,0.643949,0.594203,0.532208,0.306058,0.617552,0.0848513,0.47266,0.575758,0.375,0.692913,0.333333,0.237368,0.0008493,0.047619,0.019044,0.0138135,0.550303,1,0
0.796149,0.643949,0.36715,0.0195255,0.331876,0.198168,0.323872,0.695088,0.565657,0.125,0.88189,0.666667,0.18301,0.0203822,0,0.0056579,0.375408,0.622369,0.112805,0
0.286265,0.644254,0.273623,0.256004,0.0929516,0.0208566,0.176977,0.787766,0.575758,0.375,0.665354,0.666667,0.243805,0.011465,0,0.879966,0.231039,0.626192,0.112805,1
0.7572,0.643949,0.128116,0.166934,0.0358327,0.0004991,0.0411894,0.889713,0.575758,0.375,0.456693,0.666667,0.400248,0.0063694,0.0952381,0.766181,0.133666,0.620713,0.14939,0
0.475088,0.645477,0.238261,0.254459,0.108638,0.0085,0.202093,0.806302,0.575758,0.375,0.507874,0.666667,0.271222,0.0169851,0,0.837264,0.341197,0.624892,0.112805,1
0.101794,0.643032,0.628213,0.207555,0.183976,0.352128,0.295536,0.417053,0.353535,0.375,0.440945,0.333333,0.189341,0.0178344,0.952381,0,0.32662,0.722279,0.112805,0
0.473764,0.643032,0.556908,0.436469,0.269492,0.538857,0.210307,0.500463,0.575758,0.375,0.496063,0.333333,0.209407,0.0101911,0.047619,0.0335819,0.224496,0.635479,1,0
0.108144,0.643949,0.458937,0.0362831,0.31116,0.226106,0.39664,0.60241,0.565657,0.125,0.88189,0.666667,0.143362,0.018259,0,0.0113005,0.319081,0.707761,0.112805,0
0.309225,0.643643,0.565024,0.566071,0.274285,0.614271,0.0547633,0.491196,0.575758,0.375,0.65748,0.333333,0.227499,0.0178344,0,0.0084873,0.330186,0.672409,1,0
0.0039825,0.645171,0.412754,0.0023463,0.307462,0.214299,0.596994,0.639481,0.575758,0.125,0.870079,0.666667,0.167821,0.0157113,0,0.272257,0.324907,0.59649,0.112805,0
0.79312,0.644866,0.491594,0.108368,0.231901,0.132986,0.433936,0.583874,0.10101,0.125,0.901575,0.666667,0.155721,0.0131635,0,0.490947,0.262736,0.633281,0.112805,0
0.0080958,0.645477,0.433816,0.336412,0.223994,0.446881,0.357709,0.611677,0.828283,0.125,0.838583,0.333333,0.180224,0.0169851,0,0.0630974,0.361451,0.54809,1,0
0.539092,0.646699,0.543575,0.715697,0.322341,0.692907,0.19725,0.522706,0.575758,0.125,0.866142,0.333333,0.225341,0.0186837,0,0.0000988,0.361609,0.655662,1,0
0.319503,0.643949,0.142995,0.0041478,0.0445246,0.491393,0.0153672,0.834106,0.181818,0.375,0.791339,0.333333,0.603326,0.0208068,0.047619,0,0.359606,0.626114,0.152439,1
0.509732,0.64456,0.230338,0.0716019,0.0990785,0.47137,0.0713817,0.787766,0.575758,0.375,0.874016,0.333333,0.436211,0.0174098,0,0,0.371373,0.659717,0.152439,1
0.725408,0.643337,0.2543,0.129973,0.357365,0.301583,0.505164,0.787766,0.565657,0.125,0.826772,0.666667,0.300891,0.0203822,0,0.0058919,0.399256,0.737618,0.112805,1
0.113509,0.647616,0.585314,0.247126,0.241746,0.38026,0.374215,0.463392,0.626263,0.375,0.181102,0.333333,0.18721,0.0339703,0,0.0007588,0.490801,0.685503,0.112805,0
0.809812,0.645171,0.176812,0.140194,0.115777,0.0609462,0.0225157,0.843373,0.0707071,0.125,0.480315,0.666667,0.396043,0.0140127,0,0.399239,0.261211,0.661869,0.14939,1
0.697283,0.646088,0.280966,0.143004,0.356103,0.317553,0.538742,0.759963,0.565657,0.125,0.862205,0.666667,0.274322,0.0165605,0,0.0086477,0.303257,0.737618,0.112805,0
0.160962,0.645171,0.369275,0.158774,0.246405,0.305497,0.629977,0.68582,0.575758,0.375,0.767717,0.333333,0.175119,0.0029724,0,0.155659,0.0547326,0.637924,0.112805,0
0.747569,0.646088,0.396715,0.268967,0.174502,0.656877,0.37547,0.639481,0.10101,0.125,0.889764,0.333333,0.230298,0.0161359,0,0,0.353468,0.726009,1,0
0.583106,0.647922,0.188406,0.0244965,0.0931098,0.51542,0.0349319,0.81557,0.181818,0.125,0.818898,0.333333,0.67769,0.0309979,0,0,0.48489,0.669762,0.152439,0
0.736882,0.645477,0.281546,0.136544,0.146913,0.078557,0.0577992,0.750695,0.0707071,0.125,0.728346,0.666667,0.274791,0.0080679,0,0.284342,0.180199,0.607494,0.14939,0
0.752751,0.647005,0.10087,0.002115,0.0901701,0.531618,0.003591,0.871177,0.313131,0.375,0.551181,0.333333,0.76845,0.0280255,0.047619,0,0.525308,0.65026,0.152439,1
0.670857,0.644254,0.555556,0.622992,0.238795,0.597092,0.211997,0.481928,0.575758,0.375,0.492126,0.333333,0.230351,0.0174098,0,0.0125358,0.306221,0.65074,0.112805,0
0.639942,0.645171,0.379517,0.0594741,0.331181,0.133644,0.57797,0.676552,0.575758,0.125,0.834646,0.666667,0.168728,0.0199575,0,0.254404,0.324061,0.693877,0.112805,0
0.525604,0.643643,0.254106,0.0465625,0.143363,0.534927,0.0778932,0.769231,0.575758,0.375,0.846457,0.333333,0.417909,0.0242038,0.0952381,0,0.44901,0.629411,0.152439,1
0.548526,0.64456,0.260676,0.0473102,0.143331,0.534221,0.0783162,0.769231,0.575758,0.375,0.80315,0.333333,0.412346,0.0267516,0.0952381,0,0.44961,0.629411,0.152439,1
0.506818,0.644254,0.278454,0.0448959,0.137531,0.533014,0.0678803,0.732159,0.575758,0.375,0.740157,0.333333,0.437594,0.0165605,0.0952381,0,0.361451,0.629411,0.152439,1
0.163298,0.643337,0.382415,0.0816345,0.268109,0.279208,0.427714,0.667285,0.131313,0.125,0.862205,0.666667,0.175512,0.0157113,0,0.0237297,0.273565,0.611054,0.112805,0
0.179608,0.644866,0.41256,0,0.208352,0.151618,0.181403,0.648749,0.30303,0.125,0.866142,0.666667,0.179097,0.0186837,0,0.0480242,0.325908,0.701244,0.112805,0
0.194767,0.645477,0.309372,0.0906251,0.140678,0.627054,0.071669,0.695088,0.626263,0.125,0.799213,0.333333,0.339854,0.0369427,0,0,0.550758,0.681216,0.152439,0
0.15637,0.645782,0.378937,0.0355889,0.308023,0.126002,0.620247,0.68582,0.575758,0.125,0.874016,0.666667,0.171836,0.0080679,0,0.273584,0.145574,0.569759,0.112805,0
0.637179,0.644254,0.220097,0.0276132,0.170623,0.615722,0.0314344,0.778499,0.313131,0.125,0.850394,0.333333,0.642675,0.0152866,0,0,0.261481,0.663231,0.152439,0
0.728788,0.646699,0.129082,0.0305926,0.227314,0.0503612,0.0076705,0.880445,0.0707071,0.125,0.787402,0.666667,0.505114,0.0237792,0.0952381,0.099566,0.443492,0.660228,0.14939,1
0.750853,0.644866,0.317101,0.0145113,0.18097,0.61267,0.0565659,0.713624,0.181818,0.125,0.858268,0.333333,0.445554,0.0212314,0,0,0.435445,0.689063,0.152439,1
0.954804,0.643032,0.532947,0.0558367,0.251779,0.130971,0.204494,0.518999,0.313131,0.125,0.822835,0.666667,0.18153,0.0093418,0,0.0272718,0.186738,0.695471,0.112805,0
0.445456,0.646088,0.237681,0.0892787,0.260534,0.0060104,0.187081,0.806302,0.292929,0.375,0.748031,0.666667,0.30217,0.0110403,0,0.184578,0.211645,0.577947,0.14939,1
0.997845,0.644866,0.243865,0.0769524,0.272146,0.0055806,0.188563,0.797034,0.292929,0.125,0.76378,0.666667,0.276159,0.0076433,0,0.185437,0.177045,0.620991,0.14939,1
0.605404,0.645171,0.296425,0.0959494,0.320723,0.253548,0.443973,0.769231,0.575758,0.125,0.814961,0.666667,0.377854,0.0080679,0,0.0195175,0.144438,0.729615,0.112805,0
0.884184,0.643032,0.203865,0.0556484,0.265483,0.0019966,0.138255,0.81557,0.292929,0.375,0.543307,0.666667,0.285452,0.011465,0,0.161281,0.204083,0.595422,0.14939,1
0.286845,0.645171,0.448696,0.14597,0.353425,0.0310912,0.461448,0.611677,0.050505,0.125,0.748031,0.666667,0.160971,0.0025478,0,0.280468,0.0498618,0.661187,0.112805,0
0.133118,0.643949,0.477488,0.620511,0.299769,0.637118,0.10516,0.581094,0.575758,0.125,0.858268,0.333333,0.216562,0.0063694,0,0.0502982,0.106397,0.600173,0.112805,0
0.60751,0.644866,0.451401,0.606683,0.294665,0.628147,0.122996,0.591288,0.575758,0.125,0.846457,0.333333,0.214389,0.0276008,0,0.0547172,0.419926,0.600173,0.112805,0
0.475525,0.64456,0.277101,0.0323102,0.166682,0.651216,0.0576316,0.732159,0.30303,0.375,0.629921,0.333333,0.562707,0.0250531,0.047619,0,0.465566,0.661141,0.152439,0
0.0749565,0.644254,0.476908,0.373401,0.0383448,0.362165,0.384704,0.574606,0.575758,0.125,0.862205,0.333333,0.206979,0.0140127,0,0.08004,0.257135,0.614893,1,0
0.0778785,0.639059,0.297585,0.0362783,0.311347,0.0526468,0.210422,0.732159,0.0909091,0.125,0.952756,0.666667,0.215619,0.0271762,0,0.196796,0.433328,0.595189,0.14939,0
0.80622,0.64456,0.493913,0.190735,0.164932,0.561965,0.369161,0.55607,0.353535,0.125,0.80315,0.333333,0.20212,0.0131635,0,0.0166574,0.241895,0.719632,0.112805,0
0.482533,0.644254,0.477681,0.0893942,0.30989,0.0443308,0.482912,0.574606,0.050505,0.125,0.80315,0.666667,0.168547,0.003397,0.047619,0.308024,0.0679735,0.503049,0.112805,0
0.196016,0.642421,0.194396,0.0855772,0.316098,0.0235444,0.0354245,0.824838,0.464646,0.125,0.704724,0.666667,0.415268,0.0271762,0.0952381,0.0754983,0.450683,0.657612,0.112805,1
0.212893,0.643949,0.137198,0.0915713,0.154074,0.714206,0.0154977,0.861909,0.191919,0,0.795276,0.333333,0.721288,0.0144374,0.047619,0,0.280253,0.737788,0.152439,1
0.750853,0.643032,0.49971,0.179756,0.13748,0.589579,0.31242,0.565338,0.353535,0.125,0.787402,0.333333,0.204937,0.0127389,0,0.0169161,0.2659,0.726938,0.112805,0
0.904602,0.64456,0.416232,0.317226,0.018759,0.29051,0.369205,0.620945,0.575758,0.125,0.80315,0.666667,0.2089,0.011465,0,0.108916,0.203516,0.56185,1,0
0.115138,0.643032,0.28058,0.526767,0.324062,0.628369,0.224929,0.749768,0.575758,0.125,0.897638,0.333333,0.249684,0.041189,0,0.0846814,0.553396,0.679637,0.112805,0
0.935938,0.640892,0.182995,0.102047,0.124391,0.757254,0.0372002,0.834106,0.191919,0.125,0.885827,0.333333,0.546389,0.014862,0,0,0.271854,0.75325,0.152439,1
0.897809,0.648533,0.346667,0.124627,0.0835245,0.630375,0.199735,0.704356,0.353535,0.125,0.897638,0.333333,0.254076,0.0369427,0,0.009241,0.527606,0.724183,0.152439,0
0.564528,0.643949,0.141449,0.0471682,0.0860061,0.735334,0.0196894,0.852641,0.30303,0.125,0.862205,0.333333,0.792698,0.0276008,0.047619,0,0.454464,0.879303,0.152439,0
0.820292,0.649144,0.410435,0.062512,0.360016,0.0810422,0.138526,0.639481,0.313131,0.125,0.84252,0.666667,0.214588,0.0212314,0,0.0481388,0.369912,0.578566,0.112805,0
0.8822,0.646088,0.412754,0.309438,0.210594,0.467711,0.382408,0.639481,0.575758,0.125,0.893701,0.333333,0.20177,0.0259023,0,0.0328904,0.397935,0.691462,0.112805,0
0.606909,0.648227,0.39285,0.19016,0.170988,0.828325,0.172746,0.648749,0.323232,0.375,0.885827,0.666667,0.327193,0.026327,0,0,0.41011,0.701523,0.152439,0
0.813943,0.643643,0.325024,0.094046,0.0527559,0.653014,0.126495,0.722892,0.353535,0.125,0.956693,0.333333,0.336559,0.0242038,0,0.0049577,0.410915,0.728578,0.152439,0
0.239459,0.643949,0.456232,0.0685277,0.311616,0.019878,0.311977,0.583874,0.020202,0.125,0.830709,0.666667,0.187897,0.011465,0,0.272549,0.257457,0.557191,0.112805,0
0.22358,0.64456,0.16058,0.0869771,0.405757,0.0149742,0.0234966,0.852641,0.464646,0.375,0.681102,0.666667,0.396182,0.0135881,0.0952381,0.113226,0.283487,0.69236,0.112805,1
0.740945,0.644866,0.28715,0.0874977,0.048911,0.655481,0.0904645,0.759963,0.353535,0.125,0.897638,0.333333,0.418684,0.0118896,0,0.0036323,0.247869,0.69318,0.152439,0
0.67725,0.645171,0.471498,0.408188,0.331288,0.594053,0.28442,0.574606,0.292929,0.375,0.688976,0.333333,0.23801,0.0012739,0,0.0950082,0.0121156,0.506594,0.112805,0
0.0103244,0.647005,0.551498,0.0785806,0.427944,0.122788,0.222673,0.500463,0.050505,0.125,0.606299,0.666667,0.217798,0.0038217,0,0.211556,0.0568179,0.554405,0.14939,0
0.181623,0.642421,0.464155,0.043443,0.370818,0.120438,0.337683,0.593142,0.050505,0.125,0.708661,0.666667,0.183856,0.0233546,0,0.233947,0.383446,0.463147,0.14939,0
0.826573,0.643949,0.325797,0.522234,0.333191,0.787428,0.552752,0.709917,0.575758,0.125,0.834646,0.333333,0.260902,0.0237792,0,0.046206,0.396626,0.486441,0.112805,0
0.465854,0.647922,0.241353,0.46963,0.331978,0.733273,0.454565,0.78962,0.575758,0.375,0.818898,0.333333,0.290058,0.0169851,0,0.0631191,0.323371,0.50356,0.112805,1
0.265847,0.64456,0.147826,0.0663491,0.391935,0.0145094,0.0192757,0.861909,0.464646,0.375,0.661417,0.666667,0.416888,0.0144374,0.0952381,0.126856,0.317496,0.674808,0.112805,1
0.208408,0.644254,0.24599,0.0889021,0.37392,0.0333192,0.0538655,0.797034,0.464646,0.375,0.708661,0.666667,0.289648,0.0123142,0,0.117341,0.246504,0.610745,0.112805,1
0.989008,0.643337,0.205411,0.17244,0.188055,0.289637,0.51493,0.81557,0.868687,0.125,0.84252,0.333333,0.343766,0.0110403,0,0.0504288,0.25498,0.785042,0.112805,1
0.195038,0.646394,0.127729,0.057092,0.392539,0.0088448,0.0082769,0.880445,0.464646,0.375,0.862205,0.666667,0.477239,0.018259,0.0952381,0.129363,0.330186,0.689326,0.112805,1
0.559046,0.644254,0.426473,0.277629,0.172125,0.412638,0.110234,0.620945,0.575758,0.125,0.80315,0.333333,0.21493,0.0169851,0,0.128926,0.310245,0.480281,0.112805,0
0.594837,0.645782,0.538164,0.107435,0.40227,0.125712,0.229324,0.518999,0.0909091,0.125,0.535433,0.666667,0.217682,0.006794,0,0.186561,0.0584564,0.585361,0.14939,0
0.205311,0.644254,0.212754,0.0689507,0.3796,0.0206827,0.0331077,0.81557,0.0707071,0.125,0.834646,0.666667,0.371914,0.0216561,0.0952381,0.123678,0.391888,0.672657,0.112805,0
0.633609,0.646394,0.164058,0.48693,0.284705,0.799937,0.465598,0.861909,0.292929,0,0.850394,0.333333,0.294314,0.0140127,0,0.0359683,0.234743,0.525926,0.112805,1
0.812158,0.642115,0.260097,0.17333,0.147201,0.570998,0.139225,0.769231,0.555556,0.125,0.874016,0.333333,0.35295,0.0152866,0,0.0085284,0.252633,0.712992,0.112805,0
0.0289877,0.645171,0.370628,0.0011732,0.0656336,0.721841,0.08886,0.648749,0.30303,0.125,0.913386,0.333333,0.368265,0.0076433,0,0,0.161411,0.662735,0.152439,0
0.165107,0.643337,0.448696,0.0776512,0.312189,0.124321,0.189436,0.593142,0.020202,0.125,0.80315,0.666667,0.191544,0.0195329,0,0.193243,0.327816,0.479259,0.14939,0
0.261176,0.653117,0.475749,0.0852005,0.414756,0.104176,0.191677,0.546803,0.0909091,0.125,0.751968,0.666667,0.215364,0.029724,0,0.172287,0.540958,0.464664,0.14939,0
0.55382,0.638142,0.23942,0.412931,0.264937,0.730741,0.462542,0.78962,0.292929,0.125,0.818898,0.333333,0.268242,0.0127389,0,0.0463815,0.210015,0.467806,0.112805,0
0.312536,0.64456,0.131787,0.0569713,0.116186,0.669845,0.0269028,0.861909,0.353535,0.125,0.80315,0.333333,0.765288,0.0161359,0.142857,0,0.298178,0.846892,0.152439,0
0.253105,0.650061,0.46686,0.0459937,0.441238,0.0686222,0.127121,0.55607,0.0909091,0.125,0.826772,0.666667,0.221638,0.0186837,0,0.152244,0.38796,0.562748,0.112805,0
0.170894,0.642421,0.257971,0.138966,0.155008,0.258219,0.458122,0.778499,0.030303,0.125,0.88189,0.333333,0.343367,0.0123142,0,0.0684658,0.218267,0.721319,0.112805,0
0.667438,0.643032,0.455845,0.273397,0.0977025,0.473094,0.300115,0.574606,0.575758,0.125,0.65748,0.333333,0.24832,0.0195329,0,0.0281979,0.33843,0.763388,0.112805,0
0.660274,0.643337,0.202126,0.105528,0.322261,0.0631781,0.108555,0.834106,0.464646,0.375,0.787402,0.333333,0.379446,0.0118896,0.0952381,0.0982749,0.208276,0.654842,0.112805,1
0.131186,0.643337,0.118261,0.0539818,0.124309,0.669561,0.0215462,0.880445,0.353535,0.125,0.893701,0.333333,0.750123,0.0178344,0.0952381,0,0.302018,0.846892,0.152439,1
0.0955979,0.646699,0.266087,0.0202266,0.128137,0.693447,0.0616061,0.759963,0.30303,0.125,0.88189,0.333333,0.5082,0.0123142,0.047619,0,0.221693,0.613144,0.152439,0
0.323366,0.643337,0.125024,0.0409981,0.143682,0.670559,0.0188529,0.880445,0.30303,0.125,0.811024,0.333333,0.758688,0.0250531,0.0952381,0,0.418101,0.80959,0.152439,1
0.64374,0.642421,0.148986,0.0076256,0.426296,0.0460103,0.0843129,0.843373,0.0808081,0.125,0.574803,0.666667,0.344308,0.0165605,0,0.122813,0.291132,0.569419,0.112805,1
0.695523,0.644866,0.432464,0.102372,0.398444,0.124737,0.226984,0.583874,0.0909091,0.125,0.73622,0.666667,0.221264,0.0509554,0,0.148731,0.653356,0.531235,0.14939,0
0.972485,0.645782,0.0970048,0.457227,0.205122,0.816143,0.214835,0.924004,0.494949,0,0.846457,0.333333,0.303036,0.0063694,0,0.0259879,0.138198,0.525771,0,1
0.93199,0.64456,0.206763,0.013234,0.410784,0.0415487,0.0758646,0.824838,0.0808081,0.125,0.858268,0.666667,0.310938,0.0076433,0,0.109997,0.14082,0.676,0.112805,1
0.110177,0.643949,0.312077,0.0066881,0.425786,0.0570702,0.103911,0.741427,0.0909091,0.125,0.885827,0.666667,0.269166,0.0254777,0,0.113707,0.39948,0.478826,0.112805,0
0.472069,0.645782,0.135652,0.343113,0.201756,0.69879,0.434174,0.881372,0.494949,0,0.807087,0.333333,0.314406,0.0042463,0,0.0375012,0.0876781,0.547858,0.112805,1
0.782588,0.645477,0.20599,0.463195,0.202346,0.822617,0.174549,0.843373,0.494949,0.125,0.834646,0.333333,0.268641,0.0195329,0,0.0265869,0.375006,0.552052,0,0
0.272228,0.646394,0.141643,0.333677,0.199908,0.690244,0.442914,0.876738,0.494949,0,0.822835,0.333333,0.31335,0.006794,0,0.0375894,0.147632,0.563057,0.112805,1
0.0803276,0.643032,0.355362,0.276282,0.0438775,0.360256,0.481328,0.704356,0.565657,0.125,0.893701,0.333333,0.283796,0.018259,0,0.0572382,0.313745,0.746781,0.112805,0
0.575096,0.647005,0.172754,0.271204,0.223254,0.618299,0.358612,0.845227,0.494949,0,0.838583,0.333333,0.3071,0.0089172,0,0.0472129,0.16594,0.506021,0.112805,1
0.547119,0.647616,0.187053,0.148406,0.129788,0.251402,0.445759,0.824838,0.030303,0.125,0.73622,0.333333,0.480398,0.0220807,0,0.0693324,0.39312,0.678229,0.112805,1
0.081799,0.642726,0.181063,0.131982,0.13974,0.237096,0.418572,0.834106,0.030303,0.125,0.814961,0.333333,0.378327,0.0152866,0,0.0677133,0.267516,0.774827,0.112805,1
0.266524,0.645477,0.328309,0.28696,0.0255904,0.428262,0.35747,0.713624,0.575758,0.125,0.740157,0.333333,0.363223,0.0144374,0.0952381,0.0373673,0.304736,0.733795,0.112805,1
0.853355,0.643032,0.273043,0.287517,0.0216751,0.421958,0.362971,0.759963,0.575758,0.125,0.88189,0.333333,0.324762,0.0271762,0,0.0373717,0.423277,0.752879,0.112805,0
0.974247,0.645171,0.226667,0.0260486,0.405416,0.0575917,0.105996,0.81557,0.0707071,0.125,0.901575,0.333333,0.332677,0.0250531,0,0.0729048,0.465566,0.606457,0.112805,1
0.3218,0.647616,0.439227,0.110879,0.0903708,0.312656,0.286386,0.593142,0.575758,0.125,0.791339,0.666667,0.231064,0.0225053,0,0.186754,0.386819,0.47522,0.112805,0
0.389624,0.640892,0.302222,0.301499,0.0165055,0.407716,0.385942,0.732159,0.575758,0.125,0.889764,0.333333,0.293027,0.0284501,0,0.0406482,0.440347,0.610497,0.112805,0
0.191493,0.64456,0.316908,0.220868,0.0761226,0.313007,0.554063,0.713624,0.565657,0.375,0.523622,0.333333,0.279887,0.0174098,0,0.0607566,0.314555,0.629659,0.112805,0
0.594557,0.646088,0.166377,0.0997989,0.160859,0.55169,0.0798602,0.871177,0.555556,0,0.822835,0.333333,0.588331,0.0233546,0.0952381,0.0029991,0.377188,0.803089,0.152439,1
0.56867,0.643032,0.150918,0.0955343,0.164193,0.555308,0.0726242,0.861909,0.555556,0.375,0.76378,0.333333,0.605387,0.0199575,0.0952381,0.0026028,0.350766,0.803089,0.152439,1
0.319173,0.657396,0.149372,0.106526,0.164276,0.214921,0.376974,0.861909,0.030303,0.25,0.755906,0.333333,0.437538,0.0569002,0,0.057963,0.685239,0.678461,0.112805,0
0.703264,0.641809,0.110145,0.044154,0.201247,0.583447,0.0230813,0.908248,0.30303,0.125,0.84252,0.333333,0.86146,0.0220807,0.0952381,0.0000032,0.405607,0.987881,0.152439,0
0.214449,0.643643,0.326957,0.224898,0.150158,0.612539,0.447082,0.716404,0.494949,0.125,0.830709,0.333333,0.249735,0.0165605,0,0.0341214,0.317712,0.571415,0.112805,0
0.649955,0.645171,0.0699517,0.0539818,0.192455,0.563444,0.0052348,0.917516,0.737374,0.125,0.295276,0.333333,0.837478,0.0339703,0.0952381,0.0001156,0.493204,0.801387,0.152439,0
0.0027707,0.644254,0.409855,0.0484315,0.286744,0.0894352,0.155406,0.639481,0.30303,0.375,0.787402,0.333333,0.251148,0.0029724,0,0.0377714,0.0378894,0.536327,0.112805,0
0.665063,0.644866,0.366377,0.0641822,0.242584,0.0617079,0.143273,0.68582,0.444444,0.375,0.720472,0.666667,0.222166,0.0008493,0,0.123603,0.0157956,0.501378,0.112805,0
0.868854,0.64456,0.123671,0.105136,0.3611,0.0089984,0.0114266,0.908248,0.363636,0.125,0.862205,0.333333,0.502241,0.0203822,0,0.0288452,0.332097,0.705315,0.112805,1
0.144167,0.641809,0.20657,0.158524,0.146582,0.261108,0.458758,0.824838,0.868687,0.125,0.830709,0.333333,0.417044,0.0259023,0,0.0495025,0.409544,0.641205,0.112805,1
0.821525,0.646088,0.240773,0.0013117,0.259391,0.129601,0.227518,0.797034,0.020202,0.125,0.677165,0.333333,0.357287,0.0242038,0,0.032176,0.399897,0.574789,0.112805,0
0.719517,0.643337,0.328696,0.224357,0.0929763,0.40872,0.294181,0.713624,0.575758,0.125,0.874016,0.333333,0.291934,0.0144374,0,0.0158247,0.295567,0.619567,0.112805,0
0.225287,0.646088,0.465314,0.2417,0.298366,0.778132,0.167043,0.574606,0.191919,0.125,0.874016,0.666667,0.329629,0.0101911,0,0,0.216963,0.702606,1,0
0.249246,0.646088,0.494493,0.0190798,0.186485,0.35131,0.362321,0.546803,0.313131,0.125,0.799213,0.666667,0.239423,0.0059448,0,0.144725,0.146514,0.548028,0.112805,0
0.622254,0.646088,0.291208,0.211446,0.127468,0.280885,0.54197,0.759963,0.565657,0.125,0.779528,0.333333,0.361578,0.0174098,0.047619,0.0421161,0.289655,0.776312,0.112805,1
0.750853,0.646394,0.508213,0.0523674,0.180149,0.322251,0.401675,0.537535,0.494949,0.375,0.65748,0.666667,0.244483,0.0038217,0,0.152456,0.0540641,0.552393,0.112805,0
0.0878297,0.645171,0.494686,0.344094,0.351449,0.849277,0.262896,0.546803,0.323232,0.375,0,0.666667,0.307801,0.0216561,0.047619,0,0.361018,0.726071,0.213415,0
0.585323,0.643949,0.464734,0.148142,0.3094,0.121794,0.232462,0.60241,0.020202,0.375,0.614173,0.666667,0.217806,0.0042463,0,0.135911,0.0749481,0.511546,0.112805,0
0.117223,0.646394,0.0502415,0.0126626,0.231036,0.539546,0,0.926784,0.30303,0.375,0.271654,0.333333,0.882173,0.0059448,0,0,0.117728,0.843967,0,1
0.376812,0.644866,0.481932,0.190112,0.367228,0.171217,0.235276,0.574606,0.292929,0.125,0.885827,0.666667,0.235956,0.0012739,0,0.125264,0.026807,0.616208,0.112805,0
0.169718,0.64456,0.476522,0.176413,0.150097,0.401146,0.256759,0.574606,0.575758,0.125,0.830709,0.333333,0.272684,0.006794,0,0.0037929,0.129333,0.750696,0.112805,0
0.784364,0.645782,0.551498,0.160052,0.170623,0.228155,0.526427,0.481928,0.494949,0.375,0.641732,0.666667,0.270578,0.0076433,0.047619,0.161225,0.152325,0.501718,0.112805,0
0.509046,0.645782,0.179903,0.0453837,0.442915,0.0134119,0.0287423,0.861909,0.0707071,0,0.77559,0.333333,0.45412,0.0076433,0.047619,0.030822,0.16711,0.647025,0.112805,1
0.469616,0.644254,0.47401,0.139996,0.181461,0.411544,0.216674,0.565338,0.565657,0.125,0.69685,0.333333,0.280627,0.0144374,0,0.0004676,0.291265,0.725576,0.112805,0
0.196095,0.644866,0.017971,0.284539,0.112539,0.705988,0.0008978,0.981464,0.313131,0.375,0.173228,0.333333,0.375997,0.0046709,0.0952381,0.0282179,0.0547326,0.58355,0,0
0.402746,0.643337,0.228406,0.0987365,0.410191,0.0303615,0.0501862,0.81557,0.363636,0.125,0.807087,0.333333,0.400171,0.0195329,0.0952381,0.0132293,0.323708,0.721319,0.112805,1
0.492431,0.642726,0.123671,0.256966,0.0768728,0.672664,0.0646449,0.884152,0.313131,0,0.625984,0.333333,0.316817,0.0076433,0,0.0378922,0.184827,0.613763,0,1
0.875534,0.646394,0.470338,0.188827,0.207211,0.208698,0.590118,0.55607,0.494949,0.125,0.720472,0.666667,0.270375,0.0186837,0.047619,0.153688,0.320065,0.563382,0.112805,0
0.812861,0.641809,0.0809662,0.0534341,0.449275,0.0009983,0.0008978,0.926784,0.0707071,0.375,0.267717,0.333333,0.523003,0.003397,0.047619,0.0292243,0.0497155,0.664887,0.112805,0
0.878646,0.64456,0.441353,0.0571041,0.286239,0.356828,0.535372,0.613531,0.494949,0.125,0.799213,0.666667,0.253482,0.0110403,0,0.136629,0.18987,0.541202,0,0
0.65666,0.643643,0.148406,0.0394367,0.459946,0.0096011,0.0212827,0.880445,0.0707071,0.125,0.767717,0.333333,0.456379,0.0229299,0,0.0351378,0.374028,0.627879,0.112805,1
0.794495,0.643032,0.50686,0.113327,0.0733762,0.527912,0.317398,0.519926,0.545455,0.125,0.822835,0.333333,0.291369,0.0072187,0,0.083603,0.108765,0.459169,0,0
0.972576,0.645782,0.242705,0.0881539,0.402053,0.0569326,0.0968124,0.806302,0.59596,0.125,0.877953,0.333333,0.357454,0.0246284,0,0.0071332,0.455037,0.65608,0.112805,0
0.703953,0.645477,0.131208,0.0462957,0.466133,0.0077487,0.0188529,0.898981,0.0707071,0,0.755906,0.333333,0.492767,0.0127389,0,0.0355651,0.24782,0.627879,0.112805,1
0.538961,0.642115,0.221836,0.0280398,0.386187,0.056352,0.196724,0.824838,0.363636,0.375,0.834646,0.333333,0.408192,0.0101911,0,0.000685,0.212274,0.652009,0.112805,1
0.585323,0.646088,0.354396,0.0721524,0.242311,0.363574,0.584278,0.695088,0.313131,0.125,0.807087,0.666667,0.261095,0.0123142,0,0.158647,0.21737,0.488005,0,0
0.749995,0.646088,0.334493,0.0360118,0.270281,0.455925,0.168367,0.713624,0.555556,0.125,0.850394,0.666667,0.396514,0.0203822,0,0,0.427037,0.664856,0,0
0.32353,0.646394,0.423188,0.18477,0.227863,0.328945,0.364992,0.630213,0.131313,0.125,0.429134,0.333333,0.32013,0.0093418,0,0,0.170485,0.613066,0.112805,0
0.855032,0.64456,0.192657,0.0374773,0.405634,0.0498665,0.188052,0.843373,0.363636,0.125,0.889764,0.333333,0.422419,0.0161359,0,0.0023523,0.279033,0.657457,0.112805,1
0.236165,0.64456,0.116329,0.032533,0.484609,0.0077487,0.0088419,0.880445,0.0707071,0.125,0.858268,0.333333,0.524972,0.0131635,0,0.0607212,0.278461,0.662906,0,0
0.531372,0.644866,0.289082,0.0885511,0.452468,0.0547235,0.126227,0.759963,0.363636,0.125,0.80315,0.333333,0.346002,0.0157113,0,0.0141985,0.319163,0.513559,0,0
0.817246,0.648227,0.446957,0.246484,0.274693,0.136389,0.609038,0.630213,0.565657,0.125,0.84252,0.333333,0.259681,0.0144374,0,0.0000648,0.253223,0.684342,1,0
0.809142,0.64456,0.154203,0.0572004,0.330051,0.524493,0.0385514,0.861909,0.30303,0.375,0.73622,0.666667,0.756297,0.011465,0,0,0.217891,0.647722,0,1
0.732141,0.64731,0.308406,0.0024186,0.451785,0.0254561,0.0475812,0.750695,0.0707071,0.125,0.885827,0.333333,0.34084,0.0195329,0,0.0810413,0.369171,0.595499,0,0
0.472424,0.645171,0.162319,0.0143803,0.313008,0.485028,0.105252,0.861909,0.545455,0.25,0.720472,0.666667,0.606056,0.0233546,0,0,0.439115,0.683971,0,1
0.808407,0.643643,0.155942,0.0064524,0.309434,0.478119,0.111802,0.871177,0.545455,0.125,0.826772,0.666667,0.587784,0.006794,0,0,0.0835734,0.683971,0,1
0.604715,0.641504,0.172947,0.0500801,0.326975,0.517928,0.0497912,0.861909,0.30303,0.375,0.771653,0.666667,0.696968,0.026327,0.0952381,0,0.415672,0.647722,0,1
0.591006,0.646699,0.323865,0.195835,0.410962,0.641059,0.163643,0.704356,0.313131,0.125,0.893701,0.666667,0.43147,0.0233546,0,0,0.384063,0.655445,0.213415,0
0.594395,0.646088,0.248502,0.111359,0.483219,0.0259168,0.127273,0.797034,0.30303,0.125,0.80315,0.333333,0.387461,0.014862,0,0.0247494,0.255725,0.658541,0,0
0.4162,0.64731,0.444831,0.306832,0.283609,0.166093,0.625135,0.611677,0.565657,0.125,0.787402,0.333333,0.271265,0.0157113,0,0,0.278153,0.75031,1,0
0.65239,0.642421,0.161739,0.0148512,0.331407,0.475492,0.0709741,0.861909,0.545455,0,0.858268,0.666667,0.602481,0.0101911,0,0,0.181588,0.713627,0,1
0.734909,0.647922,0.423382,0.139732,0.220743,0.108275,0.212941,0.639481,0.494949,0.125,0.795276,0.666667,0.221187,0.014862,0,0.134864,0.322081,0.580903,0.112805,0
0.702296,0.644254,0.235749,0.216099,0.326107,0.0804544,0.5746,0.806302,0.868687,0.125,0.850394,0.333333,0.410114,0.006794,0,0,0.106995,0.629597,1,0
0.629112,0.644254,0.178551,0.0709575,0.178545,0.37597,0.348712,0.853568,0.313131,0,0.846457,0.666667,0.318504,0.0118896,0,0.224979,0.200359,0.553105,0,1
0.603647,0.647616,0.301449,0.17235,0.223372,0.277682,0.558937,0.743281,0.313131,0,0.84252,0.666667,0.285241,0.0076433,0.047619,0.21585,0.133562,0.569542,0,1
0.718247,0.644866,0.34686,0.0047292,0.119218,0.0004991,0.346628,0.695088,0.434343,0.375,0.622047,0.666667,0.265629,0.0072187,0,0.156156,0.131043,0.56914,0.112805,0
0.530451,0.645171,0.45971,0.140609,0.103569,0.108864,0.519976,0.583874,0.575758,0.375,0.602362,0.666667,0.268161,0.0127389,0,0.176013,0.267581,0.473749,0.112805,0
0.544832,0.644254,0.142415,0.0722478,0.142137,0.386453,0.271873,0.880445,0.313131,0,0.854331,0.666667,0.344812,0.0101911,0.047619,0.237555,0.204052,0.544638,0,1
0.787539,0.643949,0.405024,0.159493,0.110716,0.116119,0.555261,0.630213,0.575758,0.125,0.779528,0.666667,0.273848,0.0059448,0,0.177844,0.0939772,0.471072,0.112805,0
0.253956,0.642421,0.438261,0.318766,0.326653,0.172714,0.59378,0.611677,0.565657,0.375,0.507874,0.333333,0.297042,0.0118896,0,0,0.226156,0.647954,1,0
0.486119,0.645782,0.0772947,0.0364675,0.340624,0.481237,0.0485537,0.926784,0.545455,0.375,0.748031,0.666667,0.838454,0.0199575,0.0952381,0,0.411146,0.842311,0,1
0.427889,0.641809,0.37971,0.262498,0.343198,0.217068,0.514548,0.667285,0.565657,0.375,0.807087,0.333333,0.297799,0.0042463,0,0,0.0483787,0.654609,0.112805,0
0.266524,0.64456,0.430338,0.322339,0.419027,0.725046,0.331624,0.60241,0.191919,0.375,0.822835,0.666667,0.368784,0.0050955,0,0,0.0892165,0.713967,0.213415,0
0.809575,0.645477,0.161739,0.0052466,0.304488,0.448437,0.0995501,0.871177,0.545455,0.125,0.889764,0.666667,0.573655,0.0144374,0,0,0.268426,0.539066,0,1
0.72619,0.644254,0.145507,0.0077153,0.307403,0.451132,0.0936427,0.880445,0.545455,0.125,0.73622,0.666667,0.599078,0.0101911,0.047619,0,0.218958,0.549731,0,1
0.803133,0.64456,0.337391,0.130809,0.493079,0.0737275,0.149325,0.713624,0.363636,0.125,0.909449,0.333333,0.3059,0.0110403,0,0.0373888,0.217689,0.606457,0.112805,0
0.577832,0.644254,0.37971,0.0356662,0.0234641,0.0165922,0.370107,0.667285,0.494949,0.125,0.771653,0.666667,0.268866,0.0216561,0,0.161617,0.374138,0.581383,0.112805,0
0.0945115,0.643643,0.337391,0.0084599,0.038691,0.0169781,0.29108,0.713624,0.444444,0.375,0.751968,0.666667,0.261063,0.0038217,0,0.151925,0.0740768,0.570843,0.112805,1
0.941583,0.645171,0.1057,0.0322622,0.377561,0.0854389,0.0207264,0.908248,0.0707071,0.125,0.704724,0.333333,0.487257,0.0093418,0,0.0901491,0.175726,0.649579,0,1
0.759734,0.64456,0.0597101,0.122415,0.298838,0.546785,0.0053865,0.954588,0.313131,0.375,0.409449,0.666667,0.937471,0.0140127,0.047619,0,0.31266,0.813707,0,1
0.41965,0.646394,0.361932,0.0895192,0.125864,0.178946,0.520874,0.674699,0.494949,0.125,0.850394,0.666667,0.281853,0.0101911,0,0.250326,0.181952,0.463658,0,0
0.528471,0.641198,0.0548792,0.113775,0.277834,0.52907,0.003591,0.94532,0.313131,0.375,0.350394,0.666667,0.957372,0.0208068,0.047619,0,0.403403,0.844307,0,1
0.369258,0.642115,0.0570048,0.128042,0.27544,0.533035,0.0080298,0.94532,0.313131,0.125,0.811024,0.666667,0.945636,0.0050955,0.047619,0,0.0801494,0.768295,0,0
0.48374,0.644866,0.12715,0.150754,0.283445,0.549603,0.0377593,0.889713,0.30303,0.125,0.854331,0.666667,0.897398,0.0220807,0.0952381,0,0.432395,0.738809,0,1
0.929622,0.64456,0.311304,0.0312381,0.345926,0.146502,0.100216,0.741427,0.0707071,0.125,0.901575,0.333333,0.32368,0.0233546,0,0.0783689,0.391743,0.653185,0,0
0.379372,0.643949,0.263188,0.084195,0.104183,0.303888,0.21125,0.758109,0.313131,0.125,0.76378,0.666667,0.278272,0.0131635,0,0.311226,0.227799,0.422068,0,0
0.933391,0.646394,0.114203,0.18532,0.290854,0.569682,0.0905669,0.908248,0.313131,0.125,0.897638,0.666667,0.851668,0.0356688,0.047619,0,0.539024,0.554776,0.213415,1
0.496741,0.643949,0.166763,0.212407,0.30324,0.59057,0.130382,0.861909,0.313131,0,0.858268,0.666667,0.790687,0.0186837,0.047619,0,0.39545,0.70417,0.213415,1
0.269162,0.643337,0.469952,0.1734,0.148777,0.112706,0.0418494,0.574606,0.292929,0.125,0.779528,0.333333,0.24144,0.0080679,0,0.100069,0.172937,0.577158,0.112805,0
0.330053,0.645782,0.122126,0.204041,0.2974,0.582408,0.118956,0.898981,0.313131,0,0.838583,0.666667,0.805561,0.0195329,0.047619,0,0.326003,0.701972,0.213415,1
0.806782,0.646394,0.140483,0.0818408,0.382132,0.139076,0.0211879,0.871177,0.363636,0.125,0.826772,0.333333,0.501417,0.0195329,0,0.066829,0.353207,0.681402,0,0
0.189734,0.64456,0.148599,0.0052466,0.0928476,0.233817,0.334146,0.866543,0.494949,0,0.84252,0.666667,0.33892,0.0242038,0,0.304066,0.414159,0.563939,0,1
0.280683,0.646699,0.168116,0.179401,0.277887,0.556003,0.085457,0.871177,0.313131,0.375,0.681102,0.666667,0.744973,0.018259,0.047619,0,0.331467,0.554776,0.213415,1
0.302264,0.647616,0.0631884,0.121425,0.257612,0.514294,0.0071821,0.94532,0.313131,0,0.818898,0.666667,0.951213,0.0152866,0.047619,0,0.271025,0.894146,0,1
0.243155,0.644866,0.08657,0.116878,0.0458497,0.354809,0.0770871,0.911029,0.313131,0.375,0.606299,0.666667,0.358639,0.006794,0,0.286023,0.141552,0.471613,0,1
0.117223,0.645782,0.149179,0.003756,0.0881993,0.23198,0.324817,0.865616,0.494949,0.375,0.783465,0.666667,0.347741,0.0195329,0,0.304995,0.326557,0.563939,0,1
0.147192,0.644254,0.286377,0.311103,0.332434,0.647348,0.281928,0.732159,0.191919,0.125,0.893701,0.666667,0.461924,0.0203822,0,0,0.336926,0.713565,0.213415,0
0.61138,0.645171,0.217198,0.0695692,0.363092,0.162653,0.0574846,0.81557,0.252525,0.125,0.673228,0.333333,0.398846,0.0229299,0,0.0650174,0.367083,0.721087,0,0
0.53308,0.643643,0.402512,0.0730011,0.100278,0.0377404,0.505949,0.639481,0.494949,0.125,0.846457,0.666667,0.286144,0.0305732,0,0.16605,0.521236,0.574789,0,0
0.254306,0.645782,0.145894,0.007466,0.0880866,0.236663,0.303663,0.868397,0.313131,0.375,0.65748,0.666667,0.351465,0.0093418,0,0.308188,0.192025,0.572313,0,1
0.120747,0.645477,0.148406,0.0071602,0.088524,0.235764,0.30953,0.86469,0.313131,0.125,0.838583,0.666667,0.350149,0.014862,0,0.307431,0.257871,0.557826,0,1
0.480902,0.643337,0.171014,0.139283,0.418897,0.0015784,0.575922,0.852641,0.0909091,0.375,0.716535,0.333333,0.497094,0.0084926,0,0,0.183504,0.75339,0.112805,1
0.609758,0.644254,0.0556522,0.105136,0.238467,0.490086,0.0032369,0.94532,0.313131,0,0.649606,0.666667,0.954179,0.0220807,0,0,0.364624,0.90252,0,1
0.44882,0.643949,0.191498,0.062203,0.352855,0.174813,0.0634811,0.834106,0.252525,0.125,0.814961,0.333333,0.408934,0.0165605,0,0.063644,0.314083,0.649548,0,0
0.46197,0.643949,0.115749,0.0815439,0.0765022,0.319226,0.130965,0.869323,0.313131,0.375,0.73622,0.666667,0.350951,0.0157113,0.0952381,0.30687,0.305286,0.58889,0,0
0.766676,0.645171,0.166184,0.0478706,0.338378,0.186607,0.0775042,0.861909,0.252525,0.375,0.629921,0.333333,0.415482,0.006794,0,0.0632025,0.160065,0.737494,0,1
0.227731,0.645782,0.156328,0.017011,0.0693167,0.216873,0.32417,0.858202,0.313131,0,0.838583,0.666667,0.340285,0.0084926,0,0.301022,0.189145,0.554653,0,1
0.0597248,0.645477,0.158647,0.0203284,0.0979779,0.255709,0.24439,0.855422,0.313131,0.125,0.814961,0.666667,0.336301,0.0093418,0,0.314251,0.18042,0.535475,0,0
0.837084,0.64456,0.327923,0.244702,0.278406,0.579516,0.193901,0.722892,0.313131,0.125,0.92126,0.666667,0.455531,0.0186837,0,0,0.309728,0.719462,0.213415,0
0.0027707,0.645782,0.110338,0.0522193,0.094781,0.298086,0.158578,0.892493,0.313131,0.125,0.720472,0.666667,0.353826,0.0059448,0,0.312181,0.12836,0.569032,0,1
0.414917,0.643643,0.106087,0.0730129,0.0745155,0.323102,0.112022,0.894347,0.313131,0.375,0.645669,0.666667,0.366297,0.0301486,0,0.304669,0.464662,0.482371,0,1
0.211522,0.645171,0.345314,0.0980037,0.0781696,0.0050903,0.186148,0.704356,0.40404,0.125,0.818898,0.666667,0.262284,0.0084926,0,0.117749,0.177494,0.649502,0.112805,1
0.160817,0.645782,0.202705,0.0283145,0.061679,0.206306,0.343174,0.81835,0.313131,0.125,0.787402,0.666667,0.325687,0.0161359,0,0.295215,0.275988,0.553182,0,1
0.447108,0.645477,0.22029,0.0535081,0.044706,0.184746,0.376811,0.811863,0.494949,0.125,0.700787,0.666667,0.315869,0.0199575,0.0952381,0.281303,0.366778,0.558429,0,1
0.415216,0.645477,0.12,0.0599352,0.0842438,0.31239,0.130426,0.884152,0.313131,0,0.748031,0.666667,0.354466,0.0165605,0,0.30804,0.284282,0.569248,0,1
0.167961,0.645171,0.110725,0.0550579,0.0861226,0.312581,0.129741,0.892493,0.313131,0.125,0.716535,0.666667,0.343434,0.0097665,0,0.307298,0.177607,0.569248,0,1
0.0647788,0.644254,0.312077,0.125658,0.0268702,0.122463,0.479601,0.735867,0.494949,0.125,0.846457,0.666667,0.27922,0.0186837,0.0952381,0.229831,0.320065,0.44739,0,1
0.882745,0.64456,0.402705,0.05978,0.176557,0.279198,0.29768,0.630213,0.545455,0.125,0.799213,0.666667,0.34337,0.0046709,0,0,0.0839164,0.70417,0,0
0.713171,0.646088,0.061256,0.0903456,0.155391,0.415008,0.0037015,0.94532,0.30303,0.125,0.606299,0.666667,0.966028,0.0165605,0,0,0.317712,0.872338,0.213415,1
0.127451,0.645477,0.285411,0.127819,0.013858,0.132925,0.453111,0.751622,0.313131,0.375,0.69685,0.666667,0.28597,0.0059448,0,0.236037,0.106331,0.442824,0,1
0.935938,0.645477,0.471111,0.118335,0.157554,0.0786711,0.0650426,0.583874,0.292929,0.125,0.877953,0.333333,0.269502,0.0016985,0,0.0799745,0.0412138,0.637878,0.112805,0
0.690728,0.646088,0.271691,0.002115,0.126099,0.312221,0.158192,0.772011,0.313131,0.125,0.73622,0.666667,0.292076,0.0292994,0,0.299229,0.468887,0.421155,0,0
0.572726,0.650061,0.241353,0.0105585,0.112519,0.314989,0.134535,0.797034,0.565657,0.125,0.885827,0.666667,0.595195,0.0101911,0,0,0.159132,0.628838,0,0
0.690449,0.645171,0.0828985,0.12797,0.359542,0.309157,0.0038089,0.936052,0.363636,0,0.862205,0.333333,0.558595,0.0029724,0,0.0363463,0.0582074,0.707451,0,0
0.303209,0.643643,0.204251,0.0493604,0.293721,0.248702,0.127599,0.824838,0.252525,0,0.830709,0.333333,0.396421,0.006794,0,0.0412915,0.126885,0.742075,0,1
0.405005,0.643337,0.116908,0.108701,0.119578,0.397631,0.0287423,0.898981,0.30303,0,0.759842,0.666667,0.871542,0.0246284,0.0952381,0,0.39733,0.873793,0.213415,1
0.522083,0.643949,0.344348,0.157665,0.225549,0.129747,0.480556,0.695088,0.565657,0.125,0.818898,0.333333,0.376229,0.0089172,0.047619,0,0.183504,0.718471,0,0
0.68971,0.644254,0.216812,0.103753,0.184755,0.15707,0.390421,0.806302,0.545455,0.125,0.917323,0.666667,0.487528,0.0220807,0,0,0.381796,0.774904,0,1
0.638948,0.644254,0.45256,0.0406483,0.0589477,0.056405,0.609998,0.593142,0.494949,0.125,0.80315,0.666667,0.290031,0.0135881,0.047619,0.158338,0.228452,0.46245,0,0
0.632924,0.647005,0.266087,0.101303,0.184461,0.137665,0.397403,0.778499,0.545455,0.125,0.862205,0.666667,0.465554,0.0101911,0.0952381,0,0.17584,0.714076,0,0
0.945502,0.641809,0.454879,0.133993,0.0976121,0.178078,0.389724,0.607044,0.292929,0.125,0.748031,0.666667,0.28785,0.011465,0,0.277754,0.216206,0.476582,0,0
0.332632,0.645477,0.325797,0.105406,0.174805,0.0100945,0.402449,0.722892,0.494949,0.375,0.677165,0.666667,0.277563,0.0084926,0.0952381,0.102208,0.163817,0.594818,0,1
0.209294,0.646394,0.298164,0.0933851,0.147331,0.236536,0.265811,0.742354,0.434343,0.375,0.822835,0.666667,0.290238,0.0063694,0.0952381,0.314436,0.130351,0.453829,0,1
0.792974,0.643032,0.136425,0.131764,0.104059,0.398905,0.0834529,0.880445,0.30303,0.125,0.885827,0.666667,0.621332,0.0250531,0,0,0.436563,0.602681,0.213415,1
0.996246,0.645782,0.143188,0.0801049,0.30994,0.262137,0.0901387,0.889713,0.363636,0.125,0.830709,0.333333,0.405572,0.0084926,0,0.0434916,0.209285,0.708148,0,1
0.329991,0.643643,0.193816,0.0801822,0.168854,0.146262,0.365292,0.834106,0.545455,0.375,0.771653,0.666667,0.517037,0.0165605,0.047619,0,0.294445,0.721768,0,1
0.243784,0.645171,0.492174,0.0447077,0.218065,0.145874,0.171312,0.565338,0.292929,0.125,0.838583,0.333333,0.286054,0.0106157,0,0.0827712,0.2454,0.583395,0.112805,0
0.816242,0.643949,0.207343,0.0746602,0.30316,0.252445,0.108216,0.824838,0.363636,0.125,0.866142,0.333333,0.355503,0.0157113,0,0.0475175,0.284816,0.717852,0,1
0.0826433,0.646088,0.135845,0.143771,0.109934,0.407886,0.100397,0.889713,0.30303,0.125,0.866142,0.666667,0.606327,0.0212314,0,0,0.35785,0.602681,0.213415,1
0.784364,0.643949,0.183188,0.0751586,0.166324,0.140258,0.36368,0.843373,0.545455,0.125,0.838583,0.666667,0.53181,0.0178344,0.047619,0,0.349778,0.721768,0,1
0.340808,0.643643,0.341836,0.119609,0.135605,0.209451,0.313484,0.704356,0.434343,0.125,0.811024,0.666667,0.282555,0.0110403,0.0952381,0.307115,0.19812,0.449418,0,1
0.35577,0.644866,0.143768,0.0603927,0.188036,0.308503,0.127434,0.891566,0.434343,0,0.807087,0.666667,0.33234,0.0127389,0,0.298358,0.222792,0.576399,0,1
0.754093,0.645477,0.170821,0.0233532,0.128044,0.1684,0.286791,0.861909,0.545455,0,0.866142,0.666667,0.571711,0.0059448,0,0.0000304,0.13099,0.749582,0,1
0.0177027,0.64456,0.548213,0.0544357,0.104024,0.109152,0.492454,0.492122,0.292929,0.375,0.397638,0.666667,0.324441,0.0123142,0,0.226647,0.271514,0.464339,0,0
0.866385,0.643337,0.149179,0.0322142,0.143388,0.134835,0.331471,0.880445,0.545455,0,0.834646,0.666667,0.600623,0.0110403,0,0.0014501,0.193647,0.757723,0,1
0.574411,0.644254,0.237681,0.0558028,0.130133,0.005139,0.629006,0.778499,0.050505,0.125,0.814961,0.666667,0.308686,0.0301486,0,0.116095,0.46359,0.628421,0,1
0.540382,0.642115,0.131401,0.0024186,0.112126,0.170367,0.263924,0.880445,0.545455,0.125,0.84252,0.666667,0.590995,0.0101911,0,0.0007927,0.195019,0.712032,0,1
0.223841,0.643949,0.255459,0.0718538,0.141702,0.0047353,0.635112,0.769231,0.494949,0.125,0.834646,0.666667,0.307937,0.0212314,0,0.119297,0.389049,0.600854,0,1
0.809142,0.643337,0.150531,0.0421445,0.160519,0.10847,0.356047,0.871177,0.545455,0.125,0.838583,0.666667,0.57582,0.0093418,0,0.0032311,0.183648,0.798632,0,1
0.325735,0.641504,0.19343,0.057772,0.0746721,0.20302,0.187908,0.824838,0.575758,0.375,0.783465,0.666667,0.561442,0.0161359,0.0952381,0.0015557,0.283487,0.693134,0,1
0.532829,0.646088,0.0616425,0.0402742,0.0091687,0.296738,0.0213395,0.94532,0.30303,0,0.681102,0.666667,0.944756,0.0127389,0,0,0.261279,0.832049,0.213415,1
0.551279,0.643643,0.163671,0.0444143,0.167707,0.097272,0.363982,0.861909,0.545455,0.125,0.834646,0.666667,0.550729,0.0106157,0,0.0043491,0.203831,0.768032,0,0
0.187856,0.645477,0.164831,0.0859804,0.239227,0.356933,0.0466921,0.87025,0.313131,0.125,0.688976,0.666667,0.339466,0.0169851,0.0952381,0.230135,0.305498,0.526885,0,0
0.220795,0.64456,0.260097,0.0898377,0.155261,0.0059897,0.648898,0.759963,0.494949,0,0.771653,0.666667,0.313041,0.0165605,0.0952381,0.127042,0.328177,0.600854,0,1
0.215695,0.645782,0.0610628,0.059895,0.0226828,0.308959,0.0068371,0.936052,0.30303,0.375,0.688976,0.666667,0.932474,0.0140127,0.0952381,0,0.279196,0.832049,0.213415,1
0.601313,0.645171,0.14087,0.155207,0.358196,0.31216,0.0556683,0.898981,0.363636,0.125,0.740157,0.333333,0.438613,0.0203822,0,0.0528896,0.335275,0.71957,0,1
0.33068,0.647616,0.121739,0.0556484,0.0871629,0.186015,0.199434,0.898981,0.575758,0,0.826772,0.666667,0.680072,0.0229299,0,0.0038451,0.378486,0.728439,0,1
0.989358,0.644254,0.491594,0.13037,0.220418,0.223085,0.227064,0.546803,0.020202,0.375,0.519685,0.666667,0.311943,0.011465,0,0.314847,0.192432,0.41354,0,0
0.476306,0.643949,0.427633,0.025107,0.29037,0.20119,0.306192,0.611677,0.252525,0.375,0.834646,0.333333,0.283455,0.0059448,0,0.111455,0.135213,0.608098,0.112805,0
0.910625,0.644866,0.326377,0.118596,0.337113,0.281496,0.157827,0.713624,0.363636,0.125,0.874016,0.333333,0.305585,0.0191083,0,0.0778329,0.320718,0.584634,0,0
0.299391,0.646394,0.249275,0.0818975,0.160856,0.0107749,0.578258,0.769231,0.050505,0.125,0.826772,0.666667,0.315141,0.0237792,0,0.163654,0.425496,0.621951,0,1
0.0813331,0.645782,0.410435,0.116878,0.341301,0.278451,0.175844,0.639481,0.363636,0.125,0.795276,0.333333,0.303891,0.0203822,0,0.0885014,0.349778,0.580284,0,0
0.868636,0.643337,0.43401,0.0066365,0.291554,0.14096,0.363237,0.611677,0.252525,0.125,0.744094,0.333333,0.311521,0.0042463,0,0.12189,0.0876781,0.601195,0.112805,0
0.211015,0.64456,0.0801932,0.0485167,0.0818786,0.196239,0.141097,0.936052,0.575758,0,0.858268,0.666667,0.77505,0.0165605,0.0952381,0.0072745,0.303739,0.625139,0,1
0.404314,0.645477,0.0997101,0.153386,0.284014,0.314248,0.0451832,0.917516,0.434343,0,0.799213,0.666667,0.383327,0.0084926,0.142857,0.247172,0.152727,0.624087,0,1
0.550535,0.643337,0.205217,0.0898779,0.178116,0.0084707,0.519195,0.81557,0.494949,0.375,0.84252,0.666667,0.34261,0.0131635,0.047619,0.197243,0.253646,0.519007,0,1
0.701202,0.649144,0.102029,0.0643108,0.0999354,0.177913,0.164623,0.917516,0.575758,0.125,0.846457,0.666667,0.744659,0.0276008,0.0952381,0.010347,0.469343,0.722914,0,1
0.319858,0.646699,0.466473,0.0869434,0.266617,0.0726244,0.464822,0.593142,0.40404,0.125,0.787402,0.666667,0.315503,0.0084926,0,0.135833,0.16036,0.565596,0.112805,0
0.327442,0.641809,0.135072,0.0432644,0.101902,0.188192,0.135707,0.889713,0.30303,0.125,0.854331,0.666667,0.731901,0.0169851,0,0.0123624,0.311773,0.735342,0,1
0.34237,0.645782,0.162319,0.174641,0.311134,0.285911,0.0333261,0.849861,0.020202,0.375,0.543307,0.666667,0.37135,0.0394904,0.0952381,0.254053,0.548158,0.524625,0,0
0.973997,0.646394,0.341642,0.180404,0.142874,0.0863901,0.688581,0.713624,0.565657,0.125,0.665354,0.333333,0.354527,0.011465,0,0.0074056,0.250518,0.655213,0,0
0.465128,0.645171,0.198841,0.0966443,0.213204,0.0238858,0.412993,0.821131,0.494949,0,0.799213,0.666667,0.335588,0.0246284,0,0.265836,0.44884,0.526576,0,1
0.854211,0.646394,0.197488,0.104685,0.220915,0.0185758,0.404091,0.822057,0.494949,0.125,0.73622,0.666667,0.340901,0.0157113,0.0952381,0.27306,0.269547,0.522629,0,1
0.570245,0.646088,0.104541,0.0669531,0.139836,0.157017,0.190866,0.926784,0.575758,0.375,0.637795,0.666667,0.72289,0.0144374,0.047619,0.0202501,0.262378,0.710934,0,1
0.51082,0.645477,0.10628,0.0829661,0.153476,0.141279,0.220792,0.926784,0.575758,0.375,0.767717,0.666667,0.720379,0.0076433,0.0952381,0.023017,0.179832,0.723347,0,1
0.371609,0.643949,0.109179,0.116292,0.321117,0.243486,0.0395422,0.845227,0.252525,0,0.783465,0.666667,0.349797,0.0135881,0,0.264822,0.224496,0.573892,0,1
0.0259498,0.647005,0.283671,0.0044673,0.132533,0.214088,0.0924866,0.750695,0.222222,0.125,0.850394,0.666667,0.489507,0.0089172,0.047619,0.0174264,0.18137,0.697468,0,0
0.915626,0.644254,0.158068,0.0843236,0.149871,0.136327,0.233417,0.871177,0.121212,0,0.80315,0.666667,0.611293,0.0063694,0.047619,0.0283217,0.121251,0.709835,0,1
0.424512,0.644254,0.216425,0.0890761,0.255987,0.047102,0.294198,0.808156,0.494949,0.375,0.877953,0.666667,0.328119,0.0305732,0.047619,0.330706,0.467797,0.519765,0,1
0.0027707,0.643337,0.0970048,0.0834623,0.125932,0.103941,0.2977,0.926784,0.575758,0.125,0.751968,0.666667,0.664025,0.0055202,0.0952381,0.0357481,0.117906,0.746022,0,1
0.44648,0.645171,0.0682126,0.0774316,0.134313,0.27569,0.0056779,0.94532,0.30303,0,0.76378,0.666667,0.938461,0.0208068,0.047619,0.0097198,0.369247,0.856009,0.213415,1
0.489105,0.644866,0.171787,0.113509,0.266309,0.027782,0.303291,0.845227,0.494949,0.25,0.838583,0.666667,0.346466,0.0276008,0.047619,0.334748,0.515749,0.528944,0,1
0.774636,0.645171,0.202899,0.0952674,0.264158,0.0445159,0.283137,0.81835,0.494949,0.125,0.77559,0.666667,0.323453,0.0131635,0.047619,0.337615,0.273165,0.519765,0,1
0.308168,0.643949,0.184928,0.0706343,0.132647,0.147288,0.221004,0.843373,0.121212,0.375,0.582677,0.666667,0.559934,0.0055202,0.047619,0.0309177,0.1087,0.720484,0,1
0.336914,0.645782,0.178357,0.0813326,0.138297,0.138388,0.235387,0.861909,0.121212,0.375,0.744094,0.666667,0.577749,0.0157113,0.047619,0.0314517,0.275073,0.720484,0,1
0.548602,0.643949,0.322705,0.236556,0.19157,0.404727,0.183973,0.695088,0.313131,0.125,0.870079,0.666667,0.4961,0.0161359,0,0,0.315496,0.670103,0.213415,0
0.551652,0.662592,0.2143,0.0162665,0.0664345,0.0386439,0.397768,0.81557,0.545455,0.125,0.688976,0.666667,0.530509,0.0526539,0,0.044994,0.610906,0.782922,0.112805,0
0.63836,0.644254,0.326763,0.0088183,0.110239,0.19041,0.140708,0.704356,0.222222,0.125,0.866142,0.666667,0.434708,0.0220807,0,0.0250771,0.358371,0.571508,0,0
0.928508,0.64456,0.0885024,0.0628113,0.123908,0.252265,0.0425371,0.908248,0.30303,0.375,0.76378,0.666667,0.84076,0.0152866,0.047619,0.0147178,0.2845,0.860745,0.213415,1
0.104603,0.64731,0.456232,0.0300993,0.314698,0.11851,0.118136,0.562558,0.252525,0.375,0.610236,0.666667,0.319982,0.029724,0,0.341645,0.447264,0.466599,0,0
0.207157,0.646699,0.471884,0.0553166,0.384254,0.219423,0.217749,0.574606,0.0606061,0.125,0.811024,0.333333,0.311215,0.0212314,0,0.128314,0.390838,0.466908,0.112805,0
0.674786,0.647616,0.280386,0.138555,0.310011,0.0328258,0.216842,0.751622,0.494949,0.125,0.818898,0.666667,0.316974,0.0284501,0.0952381,0.378199,0.454503,0.516623,0,1
0.303893,0.646699,0.128502,0.0093854,0.35485,0.142516,0.025297,0.859129,0.252525,0,0.669291,0.666667,0.363243,0.0199575,0,0.303758,0.356831,0.528727,0,1
0.77604,0.645171,0.240966,0.127554,0.331712,0.0321199,0.165271,0.780352,0.494949,0.125,0.846457,0.666667,0.314462,0.0123142,0,0.39605,0.259651,0.546326,0,1
0.499318,0.644254,0.179324,0.149326,0.327976,0.0208566,0.182854,0.839666,0.494949,0.125,0.783465,0.666667,0.345516,0.0161359,0,0.393353,0.355414,0.515075,0.112805,1
0.368002,0.645171,0.132754,0.173289,0.456905,0.2925,0.0590409,0.880445,0.363636,0.125,0.799213,0.333333,0.419417,0.0267516,0,0.0928372,0.415779,0.523139,0,1
0.335442,0.644866,0.0937198,0.0140781,0.360415,0.143574,0.0136743,0.874884,0.252525,0.375,0.779528,0.666667,0.37576,0.0186837,0,0.299172,0.326415,0.528727,0,1
0.62276,0.642115,0.244058,0.0013117,0.370548,0.222521,0.289875,0.797034,0,0.125,0.661417,0.333333,0.346264,0.0195329,0,0.157217,0.326051,0.52639,0.112805,1
0.298841,0.641198,0.186087,0.107683,0.0941481,0.071377,0.248032,0.843373,0.343434,0.375,0.870079,0.666667,0.533781,0.0101911,0.0952381,0.0550928,0.181952,0.761856,0,1
0.647297,0.644866,0.150531,0.0914246,0.0961386,0.261073,0.0538655,0.861909,0.909091,0.375,0.830709,0.666667,0.721599,0.0267516,0.047619,0.0147308,0.420536,0.655987,0.213415,1
0.968878,0.643337,0.175459,0.0981125,0.08262,0.0575051,0.257455,0.852641,0.121212,0.125,0.874016,0.666667,0.552585,0.0084926,0,0.0590925,0.162328,0.742292,0,1
0.458153,0.64456,0.462609,0.303537,0.225428,0.439951,0.2612,0.546803,0.191919,0.125,0.826772,0.666667,0.424822,0.0267516,0,0,0.463874,0.692298,0.213415,0
0.196878,0.644254,0.189565,0.212931,0.343996,0.0346174,0.207608,0.826691,0.292929,0.125,0.838583,0.666667,0.35156,0.0165605,0.0952381,0.376721,0.301946,0.571554,0.112805,1
0.0147906,0.645171,0.174493,0.201908,0.349147,0.0314775,0.187904,0.862836,0.292929,0.125,0.862205,0.666667,0.350255,0.0169851,0.047619,0.387923,0.354232,0.571554,0.112805,0
0.626173,0.645477,0.0825121,0.203363,0.486187,0.325067,0.0148062,0.917516,0.363636,0.375,0.65748,0.333333,0.497643,0.0050955,0,0.0731313,0.091356,0.670675,0,0
0.307809,0.645782,0.152077,0.0278736,0.0368276,0.203936,0.0610476,0.861909,0.30303,0,0.897638,0.666667,0.661858,0.0123142,0.047619,0.0280387,0.226897,0.731272,0,1
0.740559,0.645171,0.13372,0.0765736,0.0549656,0.245709,0.0233072,0.861909,0.909091,0.125,0.838583,0.666667,0.854988,0.0174098,0,0.0186243,0.371597,0.713658,0.213415,1
0.653982,0.642726,0.132174,0.025059,0.0466097,0.0004991,0.37979,0.889713,0.575758,0.375,0.531496,0.666667,0.605337,0.0237792,0,0.0645093,0.386636,0.802687,0.112805,1
0.919713,0.645171,0.231884,0.0800534,0.0816502,0.0758955,0.551328,0.797034,0.545455,0.125,0.901575,0.666667,0.434985,0.0208068,0,0.0458618,0.351694,0.714973,0,0
0.664601,0.645782,0.107053,0.140076,0.378305,0.0025451,0.0802227,0.889713,0.494949,0.125,0.728346,0.666667,0.392852,0.0343949,0,0.423217,0.505232,0.610404,0.112805,1
0.692952,0.643949,0.185314,0.116236,0.381377,0.0235919,0.0634938,0.830398,0.292929,0.125,0.850394,0.666667,0.351282,0.0157113,0,0.417092,0.29659,0.450734,0.112805,1
0.559582,0.643949,0.0881159,0.187988,0.481985,0.325112,0.0117053,0.908248,0.363636,0.25,0.732283,0.333333,0.485288,0.0157113,0,0.0698284,0.289655,0.622694,0,1
0.0639137,0.643949,0.145121,0.029382,0.060658,0.0066593,0.378408,0.880445,0.575758,0.125,0.814961,0.666667,0.588336,0.0055202,0,0.0650413,0.107193,0.694372,0.112805,1
0.580972,0.64456,0.13913,0.125673,0.392784,0.0156654,0.042575,0.862836,0.494949,0,0.645669,0.666667,0.389548,0.0084926,0.047619,0.422797,0.16036,0.46228,0.112805,1
0.564528,0.646088,0.101063,0.0753323,0.403125,0.0572859,0.0093729,0.881372,0.292929,0.25,0.799213,0.666667,0.382766,0.0186837,0,0.374674,0.332082,0.55699,0,1
0.650406,0.642726,0.0318841,0.0129846,0.0034579,0.196035,0.0088874,0.954588,0.30303,0,0.866142,0.666667,0.892914,0.0186837,0,0.0333532,0.323242,0.87209,0,1
0.430492,0.644866,0.10087,0.120747,0.406864,0.0154169,0.0100372,0.89342,0.494949,0.375,0.76378,0.666667,0.401342,0.0191083,0,0.417512,0.336103,0.508482,0,1
0.277394,0.644254,0.0958454,0.152541,0.413737,0.0067152,0.0149417,0.900834,0.292929,0.25,0.732283,0.666667,0.416267,0.0097665,0,0.43442,0.214178,0.53871,0.112805,1
0.36099,0.645782,0.135459,0.0400342,0.0248796,0.220889,0.034162,0.871177,0.30303,0,0.787402,0.666667,0.852645,0.0174098,0.0952381,0.0268131,0.2877,0.88568,0,1
0.962872,0.646088,0.250435,0.128612,0.0842831,0.294562,0.0906336,0.778499,0.313131,0.125,0.877953,0.666667,0.514758,0.0314225,0,0.0100592,0.522495,0.568304,0.213415,0
0.336391,0.645782,0.23343,0.20804,0.422128,0.0474577,0.0881908,0.81279,0.494949,0.125,0.811024,0.666667,0.332902,0.0152866,0,0.439848,0.271981,0.565936,0.112805,1
0.720147,0.643337,0.163865,0.0973273,0.477675,0.306158,0.0859648,0.861909,0.0606061,0.125,0.476378,0.333333,0.377257,0.0123142,0,0.0798169,0.254045,0.470282,0,1
0.693673,0.639059,0.0492754,0.0185216,0.0795713,0.219749,0.0077228,0.94532,0.30303,0.125,0.822835,0.666667,0.942919,0.0437367,0,0.0277423,0.611726,0.751192,0,1
0.599328,0.645477,0.0490821,0.0207887,0.0867355,0.224714,0.0076177,0.954588,0.30303,0.125,0.84252,0.666667,0.942982,0.0089172,0,0.0261658,0.156294,0.751192,0,1
0.843301,0.645477,0.202126,0.0859303,0.128509,0.156788,0.153789,0.824838,0.222222,0.125,0.862205,0.666667,0.542338,0.0144374,0,0.0470433,0.252515,0.75452,0,1
0.888732,0.645782,0.227826,0.0158378,0.497069,0.218623,0.147683,0.81557,0.252525,0,0.795276,0.333333,0.3366,0.0029724,0,0.199449,0.0460631,0.467434,0,1
0.509367,0.644866,0.141449,0.0243345,0.116258,0.205523,0.0592793,0.861909,0.20202,0.375,0.740157,0.666667,0.652348,0.0161359,0,0.032517,0.345757,0.762135,0,1
0.904541,0.645171,0.175266,0.0222052,0.127567,0.214252,0.0509513,0.843373,0.20202,0.125,0.748031,0.666667,0.636033,0.0191083,0,0.0293542,0.327628,0.762135,0,1
0.526053,0.643032,0.0371014,0.0124295,0.118065,0.235427,0.0062843,0.954588,0.20202,0.375,0.562992,0.666667,0.907785,0.0144374,0,0.0227318,0.280172,0.730684,0,1
0.189911,0.643032,0.106473,0.182125,0.510253,0.0058209,0.0126962,0.908248,0.292929,0.125,0.846457,0.666667,0.398464,0.0229299,0,0.434826,0.38667,0.528108,0.112805,0
0.534144,0.645171,0.141449,0.128473,0.133725,0.317574,0.147413,0.871177,0.313131,0.125,0.917323,0.666667,0.687211,0.018259,0,0.0040882,0.347404,0.711444,0.213415,1
0.115878,0.649144,0.0533333,0.0266041,0.119446,0.246372,0.0044888,0.936052,0.30303,0.25,0.807087,0.666667,0.968103,0.036518,0,0.0193002,0.527092,0.839432,0.213415,1
0.544505,0.643949,0.198647,0.0376193,0.150442,0.217726,0.0832789,0.824838,0.222222,0.125,0.866142,0.666667,0.589437,0.0152866,0.047619,0.0274583,0.284123,0.722016,0,0
0.640351,0.645171,0.282512,0.0580453,0.147844,0.207794,0.115284,0.750695,0.222222,0.125,0.850394,0.666667,0.513293,0.0144374,0,0.0303263,0.2454,0.54857,0,0
0.657509,0.643949,0.0351691,0.019788,0.140223,0.254474,0.010508,0.94532,0.30303,0,0.720472,0.666667,0.922769,0.003397,0,0.0166327,0.0584564,0.670985,0.213415,1
0.622205,0.644254,0.131014,0.0042704,0.1412,0.237047,0.0341266,0.880445,0.20202,0.125,0.893701,0.666667,0.728293,0.0169851,0,0.021742,0.286528,0.640137,0,1
0.489489,0.645171,0.207343,0.0771176,0.130756,0.209387,0.152439,0.787766,0.222222,0.125,0.69685,0.666667,0.543448,0.0152866,0,0.0291513,0.327769,0.673787,0,1
0.937669,0.646088,0.118841,0.019918,0.144739,0.240809,0.0658859,0.889713,0.20202,0.125,0.417323,0.666667,0.694081,0.0131635,0,0.0199067,0.248329,0.740837,0,1
0.229606,0.642726,0.174879,0.197611,0.181177,0.379735,0.257007,0.834106,0.313131,0.375,0.799213,0.666667,0.626524,0.0021231,0,0,0.0191532,0.626826,0.213415,1
0.733559,0.643337,0.0776812,0.0112832,0.14649,0.268881,0.0179552,0.917516,0.20202,0,0.740157,0.666667,0.825798,0.0152866,0.0952381,0.0117382,0.320212,0.638512,0,0
0.631741,0.644866,0.0284058,0.0232054,0.1484,0.279538,0.0025392,0.954588,0.30303,0,0.807087,0.666667,0.920054,0.0123142,0.0952381,0.0089934,0.210832,0.662302,0,1
0.354904,0.645171,0.0523672,0.0338598,0.15073,0.288823,0.0080298,0.926784,0.30303,0.125,0.748031,0.666667,0.930875,0.0157113,0,0.0068238,0.263159,0.662302,0.213415,1
0.0970273,0.643337,0.178551,0.077963,0.174664,0.31377,0.0765573,0.824838,0.30303,0.125,0.814961,0.666667,0.655226,0.0144374,0,0.002657,0.248643,0.557207,0.213415,1
0.750853,0.648533,0.0231884,0.0249006,0.146512,0.28298,0.0026933,0.954588,0.30303,0.375,0.374016,0.666667,0.92111,0.0267516,0,0.0081156,0.400758,0.662302,0,1
0.91552,0.643643,0.376425,0.30175,0.252175,0.470041,0.37003,0.639481,0.545455,0.125,0.629921,0.666667,0.462564,0.0288747,0,0,0.449521,0.726876,0.213415,0
0.391586,0.643337,0.422222,0.268034,0.247151,0.453125,0.302305,0.60241,0.191919,0.375,0.562992,0.666667,0.436339,0.0318471,0,0,0.472089,0.702637,0.213415,0
0.991688,0.645477,0.121353,0.068044,0.596249,0.189575,0.101463,0.889713,0,0.125,0.724409,0.333333,0.380672,0.0101911,0,0.271024,0.24071,0.624257,0,1
0.883088,0.642115,0.232657,0.0249558,0.150955,0.274171,0.546982,0.787766,0.414141,0.375,0.846457,0.666667,0.462618,0.0046709,0,0.0112106,0.0801494,0.717667,0.112805,1
0.232733,0.64456,0.0502415,0.0947531,0.15645,0.362094,0.0136743,0.936052,0.30303,0,0.80315,0.666667,0.95509,0.0072187,0.0952381,0,0.152727,0.853486,0.213415,1
0.779526,0.644254,0.204444,0.208993,0.235278,0.438949,0.178656,0.806302,0.191919,0.125,0.826772,0.666667,0.607785,0.0144374,0.047619,0,0.294745,0.568103,0.213415,1
0.845727,0.646699,0.215072,0.212976,0.237108,0.443571,0.183321,0.81557,0.191919,0.125,0.822835,0.666667,0.595965,0.0212314,0.047619,0,0.351321,0.596907,0.213415,1
0.982952,0.643337,0.187246,0.251958,0.264534,0.471188,0.242378,0.824838,0.191919,0.125,0.92126,0.666667,0.599796,0.0271762,0.047619,0,0.497395,0.647675,0.213415,0
0.906407,0.641809,0.309179,0.170326,0.200778,0.427758,0.1141,0.713624,0.020202,0.125,0.77559,0.666667,0.500536,0.0280255,0.047619,0,0.435883,0.55716,0.213415,0
0.231928,0.644866,0.330242,0.273866,0.275865,0.497321,0.272567,0.68582,0.545455,0.125,0.822835,0.666667,0.481952,0.0250531,0,0,0.471583,0.714014,0.213415,0
0.495957,0.646699,0.137198,0.0693512,0.122892,0.396141,0.0411992,0.880445,0.30303,0.125,0.728346,0.666667,0.903886,0.0203822,0.047619,0,0.40454,0.62774,0.213415,1
0.549575,0.64456,0.243285,0.0304347,0.203716,0.414804,0.702042,0.778499,0.232323,0,0.724409,0.666667,0.455488,0.0089172,0,0,0.177157,0.595267,0,1
0.9307,0.641809,0.189179,0.0359544,0.720444,0.0856486,0.0601967,0.835959,0.292929,0.125,0.80315,0.666667,0.361263,0.0259023,0,0.232364,0.437146,0.571369,0,0
0.0597248,0.64456,0.0894686,0.0263638,0.79191,0.155002,0.0063481,0.953661,0.494949,0.5,0.153543,1,0.413106,0.0063694,0,0.128294,0.0919798,0.543539,0,0
0.473562,0.642726,0.182802,0.142665,0.227397,0.519137,0.714131,0.824838,0.111111,0.375,0.69685,0.666667,0.551964,0.0118896,0,0,0.236643,0.716165,0,0
